video_name,n_frames,k_frames,prompt_id
1gqVLt2Z-DY_18-8-rgb_front,148,49,1
5R_edfcFUP0_1-3-rgb_front,123,41,1
c2KLK-rr89U_15-8-rgb_front,72,21,5
1OzBoBBc4bw_4-8-rgb_front,114,21,4
221LE0VXCB8_11-8-rgb_front,45,13,7
Fwdg09U5WqQ_5-1-rgb_front,274,49,7
E_uBBA0Cdh0_4-5-rgb_front,189,49,3
05pLyheXjeo_1-5-rgb_front,244,49,4
1tryKCIRb40_5-8-rgb_front,145,41,9
3EUv9chnujY_4-5-rgb_front,241,49,4
bCpx9dkhBgc_3-5-rgb_front,215,49,3
1cbTN8a73zo_14-5-rgb_front,178,49,1
3rmLri5lpT8_5-5-rgb_front,404,49,4
03w0fj9vLpo_9-8-rgb_front,167,49,8
3CrOUbBvRkQ_19-5-rgb_front,412,49,7
FobG3xIO2r0_7-8-rgb_front,225,49,2
Fc_C-H8LD3E_2-5-rgb_front,91,21,2
ERrylmFZEZM_6-5-rgb_front,244,49,5
2-G31CNowCU_9-8-rgb_front,197,49,5
0EXgSf1yN-0_3-8-rgb_front,150,49,7
3epphBG88cE_0-5-rgb_front,343,49,8
57bbRJn0xec_16-1-rgb_front,114,21,5
dapjWYLv64w_0-8-rgb_front,114,21,6
-8uwu59w8QE_3-8-rgb_front,61,13,4
59xX5JTRuk4_8-8-rgb_front,102,21,1
CPZREUAZgsA_15-8-rgb_front,75,21,3
0v9VjQEbbl8_10-8-rgb_front,52,13,5
E-njnp8kIXA_5-5-rgb_front,183,49,4
Ek_sDHcuM7U_7-8-rgb_front,191,49,7
eK4B85cNKOo_7-8-rgb_front,126,41,4
D0T7ho08Q3o_6-2-rgb_front,116,21,1
1avHo4qZ86Q_6-8-rgb_front,89,21,6
03513v6_5TU_9-8-rgb_front,159,49,8
3RzgpH5Hg3I_13-5-rgb_front,136,41,5
23O-xRuWVdA_13-5-rgb_front,197,49,5
c2KLK-rr89U_9-8-rgb_front,42,13,7
-EsVrbRTMU4_12-8-rgb_front,57,13,3
fFoY25BAiec_5-8-rgb_front,43,13,9
Dw9swLUK-Ek_7-5-rgb_front,82,21,5
5z6E_azb1Dg_11-3-rgb_front,45,13,2
02yXvi1VmPI_2-8-rgb_front,121,21,3
1D7QvuVvBpY_4-5-rgb_front,177,49,2
1GOCWKAvuH8_3-5-rgb_front,255,49,8
1rtpRuLChqk_4-8-rgb_front,67,21,5
-1fUFbij2s0_11-5-rgb_front,138,41,5
aD7Kmdiuigo_28-5-rgb_front,590,49,5
0v9VjQEbbl8_4-8-rgb_front,34,9,8
1YZI_p9Xbh8_3-8-rgb_front,99,21,0
1cJeKNsDit4_2-8-rgb_front,156,49,9
DC6gcj9Qykw_2-8-rgb_front,516,49,5
F5aaCX9R5K0_7-5-rgb_front,238,49,7
Bj2WVQTQR_Q_1-8-rgb_front,109,21,9
077rQK39ycg_3-5-rgb_front,81,21,4
218kpyi1X7k_7-8-rgb_front,146,41,7
dcN7W0lxTpE_4-8-rgb_front,80,21,5
1OURLZ-4Xeo_0-8-rgb_front,113,21,8
BQGyl8K8KZE_6-8-rgb_front,123,41,1
15h_ez8ggVY_17-8-rgb_front,95,21,6
BXa-8t_3mHs_14-8-rgb_front,83,21,6
1bJg-DSYR8k_13-8-rgb_front,57,13,0
04VKILduLSM_8-8-rgb_front,36,9,2
ChTrqV8j3Fk_6-8-rgb_front,109,21,8
DE8YkWRpvYA_1-5-rgb_front,315,49,4
BXa-8t_3mHs_10-8-rgb_front,135,41,1
221LE0VXCB8_7-8-rgb_front,159,49,3
072DGdBjfkQ_15-5-rgb_front,207,49,6
C6PUJUccUwk_7-5-rgb_front,281,49,2
cmFd-YkgJ0w_4-9-rgb_front,140,41,3
1zQf384LX3M_8-8-rgb_front,143,41,3
dFaHc--TlxQ_3-5-rgb_front,200,49,4
1XOuWR5CP6o_2-5-rgb_front,62,13,7
BoBx1pDyFog_5-8-rgb_front,110,21,0
b-PYYUYz1V4_16-2-rgb_front,238,49,4
3S3CGwIQgVk_7-5-rgb_front,290,49,0
aCc-DzPTDo4_27-5-rgb_front,116,21,7
5U5e11ftWBI_0-3-rgb_front,210,49,1
1uKRohTNHD4_1-8-rgb_front,227,49,4
5YMC8pMGeTA_24-8-rgb_front,97,21,6
a4MsS36gmRE_11-3-rgb_front,70,21,9
DJAnvtfxgzQ_6-5-rgb_front,205,49,7
BJ8iJ9ps2NY_7-8-rgb_front,138,41,1
19FB-dmluQw_6-3-rgb_front,37,9,4
1avHo4qZ86Q_3-8-rgb_front,61,13,7
aSbwWmqTOzc_1-8-rgb_front,44,13,9
bLR_bcYb0uI_4-5-rgb_front,414,49,7
2t0bY_rE108_28-8-rgb_front,197,49,3
1cNZVa2285k_4-8-rgb_front,194,49,4
5ablUAXmVkM_2-8-rgb_front,96,21,1
10d1oeViKYw_17-5-rgb_front,216,49,8
e_S9g_NKlvY_7-8-rgb_front,121,21,5
1AtdCMxgF2Q_29-8-rgb_front,46,13,5
btwQXw3e8G8_0-8-rgb_front,191,49,9
axMUhvgrWrs_6-8-rgb_front,92,21,5
f6SJe6s7FBQ_14-8-rgb_front,65,21,0
1qNsErmkIiU_10-3-rgb_front,371,49,8
1xKU91ggLeI_12-5-rgb_front,291,49,3
-cmG4MzqyjE_20-5-rgb_front,579,49,7
-EAXGeHv9U4_5-8-rgb_front,381,49,4
-BKq3iOBB9k_14-3-rgb_front,139,41,5
2SHrot4ryPk_0-5-rgb_front,91,21,6
-cv1gZaGtNk_25-5-rgb_front,248,49,0
EF3OUyjt6PE_1-3-rgb_front,708,49,1
2ZOSvpNBx5M_8-3-rgb_front,84,21,7
23zpxZzNL-Q_15-5-rgb_front,132,41,0
1q7brn6q5IE_15-8-rgb_front,67,21,3
D1KcyG3ZgdM_3-8-rgb_front,122,21,9
1IzJ7lr9J6E_8-3-rgb_front,193,49,6
06St8W_JHok_27-5-rgb_front,202,49,1
0wPJGhjnX-s_4-8-rgb_front,302,49,0
1UG52nvLLVA_4-5-rgb_front,246,49,1
DE8YkWRpvYA_10-5-rgb_front,113,21,7
aCc-DzPTDo4_4-5-rgb_front,129,41,5
0xxbsy0Ek9I_13-5-rgb_front,57,13,9
CdaX8MDsJkc_17-5-rgb_front,102,21,0
4GKnUtxCEY8_6-5-rgb_front,50,13,0
BT6nLJAINgo_20-8-rgb_front,71,21,1
05snMPwCV98_1-5-rgb_front,181,49,7
-fqh6k6uOUs_11-5-rgb_front,72,21,0
COKcDItUTA8_7-8-rgb_front,517,49,6
3tMjbhSx3zY_19-5-rgb_front,80,21,7
24-nCYk2bRk_6-5-rgb_front,328,49,9
1GjvLelvNE0_3-5-rgb_front,142,41,4
1YnA7Iv3oJ8_11-8-rgb_front,39,13,9
0xmdaovBNms_9-5-rgb_front,307,49,0
-CI0wTBVlaI_2-8-rgb_front,69,21,7
11iwFCSB038_2-8-rgb_front,104,21,8
1MpyWS9FaCc_13-5-rgb_front,213,49,6
cQwxm1k62WY_4-5-rgb_front,253,49,9
0HObK-sd2ds_16-5-rgb_front,99,21,2
1GlHmFJA0LQ_4-8-rgb_front,249,49,8
FWi7va17oUQ_5-9-rgb_front,104,21,5
dS9mMXiUnkQ_2-5-rgb_front,30,9,5
1kMlu1Z5DWM_14-8-rgb_front,50,13,1
e2nHkrL-Ejo_4-5-rgb_front,118,21,6
BmQrSbUs5e0_9-5-rgb_front,221,49,2
0DU7wWLK-QU_12-8-rgb_front,41,13,1
-6YYqn8lplg_15-5-rgb_front,155,49,5
1P0oKY4FNyI_4-8-rgb_front,111,21,9
DUibfm91PN0_3-8-rgb_front,306,49,3
1ovWfK_k3-Q_6-8-rgb_front,35,9,8
0sY5frjH9nw_15-8-rgb_front,103,21,9
13SBIjnC5qA_5-8-rgb_front,836,49,6
03xD5BhCG94_10-8-rgb_front,40,13,7
0ACeI3_jN3k_5-8-rgb_front,33,9,6
1aRcg_P7Vow_2-8-rgb_front,68,21,3
BWwv9mrgdVU_4-5-rgb_front,210,49,5
0EhQlUjX9Q8_8-3-rgb_front,56,13,3
1Eq8tHs0zGA_8-5-rgb_front,184,49,6
BJZFpsaYwgI_3-8-rgb_front,148,49,7
1F83Rt08qMs_0-5-rgb_front,150,49,3
4G2TEC5lS_g_7-5-rgb_front,127,41,5
1g8yWLfws8I_0-8-rgb_front,90,21,5
1eGSa8J2kko_0-8-rgb_front,143,41,8
1TU3WpD2Oj0_17-5-rgb_front,310,49,9
-BKq3iOBB9k_10-3-rgb_front,107,21,6
1eA1cI1yI7w_15-8-rgb_front,114,21,0
-F6vN4bOBWs_0-8-rgb_front,101,21,7
1g93sGtZViI_5-8-rgb_front,143,41,0
3epphBG88cE_1-5-rgb_front,191,49,7
fxtkHe6zRFg_11-5-rgb_front,126,41,2
Dg2DjTVCGww_0-4-rgb_front,80,21,2
BVgS_-Tnhvk_12-5-rgb_front,327,49,8
1bq4LWVsU-8_28-8-rgb_front,46,13,8
3LtXtL6PX0Q_8-5-rgb_front,67,21,3
-DV52J2dGWQ_0-8-rgb_front,70,21,4
15HbVwQP1Qw_1-5-rgb_front,111,21,1
002pHlZGEQ8_0-5-rgb_front,83,21,3
a7BqyLnTfqo_5-5-rgb_front,166,49,3
0CGoYyy61p8_9-8-rgb_front,48,13,5
cG6jFsMdpnw_0-8-rgb_front,54,13,1
19loES0r7_4_21-8-rgb_front,116,21,3
0rAc9hk-Ylk_4-5-rgb_front,134,41,9
1CjA3Xzvd0k_12-5-rgb_front,53,13,0
b4bK9WtPz4A_29-5-rgb_front,173,49,1
azmxjENWcXo_2-5-rgb_front,246,49,4
C8GFJV9AXYM_1-8-rgb_front,247,49,3
0pCWadlP-9Q_6-8-rgb_front,468,49,0
2Avq_ST7qPU_8-5-rgb_front,177,49,9
1-Ud-q4y1oc_4-5-rgb_front,173,49,7
cQwxm1k62WY_1-5-rgb_front,173,49,4
fxIoWLKHOuo_6-3-rgb_front,160,49,2
FnLCL8TUVJA_21-8-rgb_front,57,13,7
1Yp-xuljnDM_14-8-rgb_front,52,13,4
ce3agDFnApw_10-8-rgb_front,108,21,9
-BFCJ9zmfOo_16-8-rgb_front,178,49,3
-0JdYlTf9Y8_9-5-rgb_front,161,49,6
cP4ZkVUIKGE_7-9-rgb_front,407,49,6
1IRHEhx1lBs_24-5-rgb_front,29,9,3
1nN1DqwS0q4_16-11-rgb_front,55,13,5
079tjgCukM4_3-5-rgb_front,292,49,7
0veHGYSKaDc_0-8-rgb_front,72,21,9
1bYIR6SR9Qs_4-8-rgb_front,141,41,6
3daeOlNR8_A_6-5-rgb_front,227,49,7
17N2zH5tmmI_15-8-rgb_front,89,21,1
1d3UApdR58M_16-8-rgb_front,131,41,4
1gOQLPDtr3c_16-8-rgb_front,208,49,8
bkF8Lt9cumc_1-5-rgb_front,106,21,0
-Aiz9jYxt4g_4-8-rgb_front,75,21,3
1-QN6nnXLmg_11-5-rgb_front,192,49,0
1oN5GdoCO44_13-8-rgb_front,146,41,0
btSrRQAWN6k_1-4-rgb_front,194,49,7
_2u0MkRqpjA_0-5-rgb_front,573,49,3
59xX5JTRuk4_10-8-rgb_front,255,49,5
-1Uik-vwQoc_4-5-rgb_front,61,13,6
eI9bNFa07x4_2-8-rgb_front,104,21,5
-8tIt1vEinQ_22-8-rgb_front,153,49,8
C1qblYh-23I_3-5-rgb_front,228,49,2
49P4e1DLm6w_3-8-rgb_front,41,13,6
EZdSBFrRQxM_1-4-rgb_front,130,41,0
1hMYxtfhrzw_0-3-rgb_front,45,13,8
15sMl7bHH5s_5-8-rgb_front,361,49,2
1dJbYUmWpSY_15-8-rgb_front,367,49,5
3i7jJ7Jll5o_0-5-rgb_front,150,49,2
3yjFlBByBX4_5-1-rgb_front,505,49,6
D4OcStBGJEU_10-8-rgb_front,100,21,3
1DAuiP69Xtg_4-5-rgb_front,159,49,7
1EjirYBswwU_8-5-rgb_front,67,21,9
1jIxTnChOXk_2-8-rgb_front,167,49,4
Dw9swLUK-Ek_4-5-rgb_front,256,49,1
2-JvO5SCsCc_16-8-rgb_front,57,13,2
-b4_y6LOSx0_9-8-rgb_front,74,21,8
dS9mMXiUnkQ_13-5-rgb_front,122,21,8
1EkrrxYCFB4_2-5-rgb_front,155,49,6
3Sd2KRf-Fvo_11-5-rgb_front,339,49,6
4Mi3E9RcS_o_5-8-rgb_front,277,49,9
dh6-yhJ30pY_5-8-rgb_front,50,13,1
12gp5ivyz5M_11-8-rgb_front,207,49,1
-06_nJnhORg_21-5-rgb_front,344,49,2
-7BtY3iQIdo_10-8-rgb_front,45,13,2
DopLUa7Gl8s_11-5-rgb_front,43,13,3
c4cLox0Z9AA_7-8-rgb_front,92,21,2
0t94zPbIPTw_5-8-rgb_front,178,49,1
0t19eYsWPyg_13-8-rgb_front,115,21,4
1PMwfe-N3_k_4-8-rgb_front,39,13,2
fH5XOSfcoIk_7-5-rgb_front,53,13,5
07U8pEf63Pw_8-5-rgb_front,189,49,2
eXabAP-jk6E_6-5-rgb_front,480,49,6
-7BtY3iQIdo_14-8-rgb_front,75,21,1
2-vXO7MMLJc_14-5-rgb_front,146,41,1
1TUhpDtbOck_16-5-rgb_front,126,41,9
03VktV6bl7c_8-8-rgb_front,162,49,7
ED0DdlXJMFQ_5-8-rgb_front,73,21,8
1mN7gG892WI_2-8-rgb_front,164,49,9
ez2bCEZMTgc_14-5-rgb_front,147,49,2
EvS51qz56A0_16-8-rgb_front,58,13,5
072DGdBjfkQ_6-5-rgb_front,89,21,9
1SkWAa61esQ_4-5-rgb_front,396,49,4
0-4j8fghNOE_5-5-rgb_front,226,49,6
1ND0o3AeO1k_7-5-rgb_front,54,13,5
1Tvy-LEjj0w_4-5-rgb_front,663,49,7
1ia4jmyCnyk_1-8-rgb_front,111,21,4
E7MoG6eOLU4_3-5-rgb_front,391,49,4
5XSD1NAFaxA_3-8-rgb_front,114,21,6
EmxarfGOKd0_24-8-rgb_front,111,21,5
c1lkiz9M8xo_10-9-rgb_front,39,13,3
-cmG4MzqyjE_11-5-rgb_front,191,49,2
D_w6T4nO-KA_10-8-rgb_front,186,49,5
CmFW0P_9Tmw_18-8-rgb_front,178,49,5
02CpakICRL4_5-8-rgb_front,330,49,4
cSrZJbw3oTY_1-5-rgb_front,492,49,4
F8eQI8E-6q4_7-5-rgb_front,99,21,1
Cu1rDgWOZ9w_13-8-rgb_front,213,49,1
3NFVQAQDGXE_8-5-rgb_front,240,49,8
1D3iMk0Uf_U_0-5-rgb_front,527,49,1
cmFd-YkgJ0w_3-9-rgb_front,71,21,8
DFS78Sd76ek_11-4-rgb_front,149,49,5
1rs4i373I7w_5-8-rgb_front,79,21,1
5VseAeFbfgI_2-8-rgb_front,109,21,3
09PTYSJ3dmA_8-8-rgb_front,109,21,6
CgyzNU5IMtQ_4-4-rgb_front,124,41,7
02LnULLXds4_21-8-rgb_front,29,9,3
1awFFHJpOoU_6-8-rgb_front,126,41,8
CTERDLghzFw_10-8-rgb_front,264,49,0
14309WSFpWg_14-8-rgb_front,40,13,5
aPWX82zLo50_17-5-rgb_front,48,13,2
BFTBP-LfR0A_17-8-rgb_front,119,21,0
2188lTsFIV8_12-8-rgb_front,82,21,3
08nsvHZLNfE_1-5-rgb_front,103,21,8
f49dpJCNEfQ_4-5-rgb_front,65,21,8
BXa-8t_3mHs_17-8-rgb_front,150,49,1
0C16xFUBT3c_13-3-rgb_front,57,13,9
cx9q2GQwZCo_14-8-rgb_front,281,49,3
3Uvzt6qUudA_3-5-rgb_front,699,49,7
1rvY7z3xiv8_12-8-rgb_front,429,49,6
DpzyzJvORMg_13-3-rgb_front,78,21,8
EvS51qz56A0_2-8-rgb_front,68,21,4
1QQov46Mmvo_3-5-rgb_front,253,49,1
DQ9eIUHjxIo_9-8-rgb_front,108,21,8
1IRHEhx1lBs_12-5-rgb_front,427,49,4
1DgRPcY65Mk_2-5-rgb_front,422,49,7
18NasCihOMs_25-8-rgb_front,127,41,1
-fSI2e1pqkY_10-5-rgb_front,51,13,4
BpZeIf6VvuM_3-5-rgb_front,143,41,6
eXabAP-jk6E_3-5-rgb_front,705,49,2
1cbTN8a73zo_10-5-rgb_front,231,49,2
1b3UpS1gD2k_17-8-rgb_front,121,21,0
01j1UveqztE_14-3-rgb_front,532,49,1
dpmvQ0Alr_4_13-8-rgb_front,249,49,4
dFaHc--TlxQ_6-5-rgb_front,236,49,8
0wf7V55xjvQ_24-8-rgb_front,97,21,3
BgBlryfScI0_1-5-rgb_front,83,21,3
1aRNY8wFqa0_20-8-rgb_front,338,49,3
FQsLcgxOReU_3-5-rgb_front,217,49,5
EZA0R3KNbYc_3-5-rgb_front,365,49,4
DopLUa7Gl8s_12-5-rgb_front,106,21,0
1NDBxRcroFc_1-5-rgb_front,450,49,1
-7BtY3iQIdo_7-8-rgb_front,92,21,1
0sff0qsiAbw_11-8-rgb_front,186,49,2
3ntc51P5qjI_7-8-rgb_front,106,21,7
c2KLK-rr89U_17-8-rgb_front,218,49,2
0-I67scsfIE_3-5-rgb_front,156,49,8
beZVrUpjpwk_0-8-rgb_front,120,21,3
5agwuoxNssM_19-5-rgb_front,210,49,6
1_udNnVFDp4_4-8-rgb_front,95,21,0
3yjFlBByBX4_2-1-rgb_front,60,13,3
5c2eJSafE3M_2-5-rgb_front,90,21,0
1sg84_vTrqg_8-8-rgb_front,91,21,8
22ULOqFXTdI_1-5-rgb_front,256,49,7
146HWl-YGTo_11-8-rgb_front,108,21,6
f6rSeB4glE8_8-8-rgb_front,126,41,4
1TsfCQyFt1A_7-5-rgb_front,320,49,7
1fZfM65z0zk_12-8-rgb_front,278,49,7
1th1WRwLP30_15-8-rgb_front,46,13,0
0og2_UjYWyg_3-5-rgb_front,190,49,9
dT5xm3lFdbo_7-5-rgb_front,376,49,0
1gqVLt2Z-DY_5-8-rgb_front,103,21,6
0JLA3FdXedM_4-5-rgb_front,322,49,7
eDUXnSkhCi8_5-5-rgb_front,507,49,6
bzTy65XT4_o_1-3-rgb_front,73,21,1
1bm6Ur4Z4BQ_7-8-rgb_front,89,21,8
10VoWaHH80U_13-5-rgb_front,233,49,3
cxNfMA-d_n8_0-1-rgb_front,100,21,7
5qji7JFwR3M_1-8-rgb_front,68,21,6
CFC40Yw8CyQ_10-8-rgb_front,204,49,2
D0T7ho08Q3o_13-2-rgb_front,48,13,9
Dd6r7jX4VOQ_8-3-rgb_front,251,49,5
aopX3CjX5-Q_17-1-rgb_front,251,49,0
5GF2D_lAus4_8-8-rgb_front,128,41,7
19f_ac2f2C8_0-8-rgb_front,121,21,6
EYFKrcEtyy8_6-3-rgb_front,161,49,7
3oSvyY2f4ZQ_6-5-rgb_front,210,49,1
2-JvO5SCsCc_4-8-rgb_front,224,49,6
1Oj0xMGOmqc_9-8-rgb_front,96,21,2
CgYzSOc41Mc_2-5-rgb_front,305,49,1
b4bK9WtPz4A_20-5-rgb_front,193,49,7
c8qCeBSlaOw_11-8-rgb_front,32,9,2
-88OcTs9MPs_2-8-rgb_front,304,49,0
-bPNlBaNvcI_3-8-rgb_front,167,49,4
1eCzLIfdH2o_8-8-rgb_front,178,49,8
3leKwl-71Yg_7-5-rgb_front,83,21,8
c8qCeBSlaOw_3-8-rgb_front,160,49,8
bfNbGx1yLdE_3-4-rgb_front,83,21,6
5CGdJ5Cuv5M_14-8-rgb_front,112,21,8
eUgIpi7-Aqo_5-8-rgb_front,126,41,0
F56XdIDaTVE_14-5-rgb_front,286,49,4
3RqJnxOWNyM_21-8-rgb_front,41,13,1
0wg18YtiA28_9-5-rgb_front,210,49,8
02M-Xcs3X30_5-3-rgb_front,186,49,6
b4bK9WtPz4A_22-5-rgb_front,121,21,9
5c6jezj8l68_0-8-rgb_front,194,49,3
EUX-PNdmh-g_6-5-rgb_front,160,49,0
1FClPh-OBvw_6-5-rgb_front,171,49,3
FOHNo-685Bw_10-5-rgb_front,156,49,2
0ymOkVCAqT4_6-5-rgb_front,381,49,6
BsN-7BOFXX4_8-3-rgb_front,50,13,4
dXAQ76wSgR4_5-5-rgb_front,532,49,5
4MIPkK7F4GM_8-5-rgb_front,69,21,6
0H0_rY2_6wQ_10-5-rgb_front,99,21,4
Dvq-Fc0-Lxk_4-5-rgb_front,133,41,9
16bpLAi_vTM_9-8-rgb_front,168,49,6
dvbjlbs5rm0_13-2-rgb_front,68,21,7
1CjA3Xzvd0k_7-5-rgb_front,385,49,4
CE23zzfUBDw_0-5-rgb_front,206,49,1
aD7Kmdiuigo_17-5-rgb_front,161,49,9
FkXTd89z44o_5-5-rgb_front,453,49,9
C8GFJV9AXYM_3-8-rgb_front,356,49,1
-fPRgGA3QYY_30-5-rgb_front,126,41,6
0tbwqARWKw8_13-4-rgb_front,189,49,0
2iFx_uR3GBQ_1-1-rgb_front,52,13,5
DK4Orp3D7wA_5-8-rgb_front,124,41,3
CKearM4IZws_13-8-rgb_front,267,49,9
1SPQ72XcQ6U_1-5-rgb_front,74,21,0
5uS1lEos3KI_17-8-rgb_front,53,13,6
5wj8qq7-SSs_14-8-rgb_front,80,21,4
1gXWDKek85Y_9-8-rgb_front,54,13,9
eSzXQQUgH1A_4-5-rgb_front,53,13,0
EoDKNZoD2-o_11-8-rgb_front,138,41,9
1Ull4-M-sh8_3-5-rgb_front,74,21,7
Du41T4cbdds_2-5-rgb_front,192,49,0
1eZfIr9oNZo_0-8-rgb_front,283,49,3
-eSwgmd4XaQ_12-5-rgb_front,138,41,4
2zPzFyZkZF0_4-5-rgb_front,197,49,2
0HR9yZVt2F4_2-5-rgb_front,323,49,5
1UD6MhuYox0_5-5-rgb_front,124,41,1
4MXwmQ7Ht6E_24-8-rgb_front,126,41,9
CiSoUHVR7UM_8-8-rgb_front,52,13,7
FSEbzZjZg0A_11-5-rgb_front,64,21,0
2fThEtRYq7c_2-3-rgb_front,269,49,1
ERpBK4lEjfI_26-8-rgb_front,56,13,8
3CrOUbBvRkQ_16-5-rgb_front,539,49,1
EFaag-4WI58_16-2-rgb_front,182,49,5
17N2zH5tmmI_14-8-rgb_front,296,49,8
1mwoIGLRHck_1-11-rgb_front,251,49,9
1PmWOoJTEiw_3-8-rgb_front,174,49,1
10VoWaHH80U_24-5-rgb_front,82,21,3
fFoY25BAiec_2-8-rgb_front,77,21,6
Bj2WVQTQR_Q_2-8-rgb_front,146,41,8
EPayNV0Nmqk_6-5-rgb_front,44,13,2
b-341m5ri_A_16-5-rgb_front,719,49,9
4K6kvm-NRYQ_13-8-rgb_front,79,21,6
a8zoNzPmXik_5-8-rgb_front,158,49,7
E-YP10G7QdI_16-3-rgb_front,40,13,0
1UvJ0mvrOPw_20-5-rgb_front,114,21,7
CJ8RyW9pzKU_23-8-rgb_front,315,49,4
EUX-PNdmh-g_9-5-rgb_front,212,49,2
FD3lhznsFbM_2-3-rgb_front,187,49,1
darV50MH6vc_29-8-rgb_front,174,49,5
f9OsarAxuIQ_12-8-rgb_front,327,49,3
DX3KWLldIJc_2-8-rgb_front,107,21,1
3ntc51P5qjI_18-8-rgb_front,274,49,9
4U57Q4XIfoM_3-8-rgb_front,151,49,3
CMJDDVY5Wlo_1-5-rgb_front,178,49,6
CISGeIWfI8I_14-3-rgb_front,92,21,2
egEQrOLjKxc_0-8-rgb_front,191,49,5
cPii6GpjVgU_2-3-rgb_front,252,49,2
darV50MH6vc_24-8-rgb_front,58,13,6
BoBx1pDyFog_13-8-rgb_front,198,49,0
FQXYLLhiWG0_10-8-rgb_front,111,21,2
CR-YuYN2oxA_5-5-rgb_front,181,49,2
23GbjIU50qw_18-8-rgb_front,112,21,1
Bu1-_fPoQ3Q_3-3-rgb_front,53,13,6
1F83Rt08qMs_6-5-rgb_front,171,49,9
darV50MH6vc_23-8-rgb_front,132,41,0
1uXVMh-7lmI_11-8-rgb_front,128,41,8
57_1T6O51TQ_7-8-rgb_front,48,13,8
DD8ux-rdam4_10-8-rgb_front,140,41,7
CGLHWM9BTzw_12-8-rgb_front,234,49,5
0ACeI3_jN3k_15-8-rgb_front,98,21,4
3mjTbgSBlhE_3-5-rgb_front,174,49,8
1sIQ1SMNHqM_21-8-rgb_front,171,49,0
fqEO3MuTlEE_5-5-rgb_front,66,21,2
0-_hOoXzsWw_14-5-rgb_front,172,49,9
-EsVrbRTMU4_10-8-rgb_front,113,21,3
aRLsDsSFCkg_2-5-rgb_front,64,21,3
1jeK8PkhsR4_2-8-rgb_front,542,49,5
2nOClTVZ-0w_14-8-rgb_front,185,49,8
1Y3Ruxz7AUw_3-8-rgb_front,119,21,3
EVXMvKdabuc_20-1-rgb_front,35,9,8
exoR8fu9q4M_15-8-rgb_front,138,41,4
FQsLcgxOReU_5-5-rgb_front,147,49,3
18PiUlfjLEQ_19-2-rgb_front,156,49,9
BM_Z20gA5Ko_16-8-rgb_front,146,41,1
03EzcoSP2pc_11-8-rgb_front,279,49,0
1hpps7Dqdio_0-8-rgb_front,255,49,6
1ghvkzsMgbM_10-8-rgb_front,48,13,5
0H60j0VxTaE_9-5-rgb_front,59,13,7
DrZTDpIH7bk_0-5-rgb_front,792,49,3
1jeK8PkhsR4_12-8-rgb_front,174,49,5
BJebuYFoRis_11-8-rgb_front,106,21,1
eN2mMGil37o_0-5-rgb_front,127,41,7
Eh697LCFjTw_12-3-rgb_front,172,49,4
b1hxJIvcgls_9-8-rgb_front,154,49,5
_EWaSDEvpAY_18-5-rgb_front,102,21,4
fH5XOSfcoIk_9-5-rgb_front,267,49,6
DRNMejwhY0Q_7-2-rgb_front,101,21,9
dvBdWGLzayI_21-8-rgb_front,93,21,3
4UlmDZi98fk_23-5-rgb_front,138,41,5
-djRbCXJLYo_9-5-rgb_front,109,21,1
1gXWDKek85Y_0-8-rgb_front,140,41,0
3-zQaHVXTsI_3-8-rgb_front,250,49,2
08PDyCn-pxI_5-5-rgb_front,48,13,1
1-VX310yQTw_4-1-rgb_front,42,13,4
e2nHkrL-Ejo_3-5-rgb_front,264,49,0
-a9uCz7Bo5E_4-8-rgb_front,212,49,1
1bz6oY731gQ_7-8-rgb_front,88,21,2
Ctli0zlqLxk_7-3-rgb_front,84,21,8
1VrnikyRfO0_6-5-rgb_front,177,49,3
1mCRysiyBno_1-8-rgb_front,54,13,3
1xKU91ggLeI_11-5-rgb_front,289,49,1
Eh4cZxdMMc8_21-8-rgb_front,501,49,9
1A8BFSmdCoU_7-8-rgb_front,110,21,5
1IKLsLfTtLs_16-5-rgb_front,181,49,5
1LaWSGs87gA_4-5-rgb_front,123,41,8
1kMcBHJ2IPM_6-8-rgb_front,414,49,9
1mcmnmxg64U_26-8-rgb_front,61,13,7
-98tdkCF-sY_6-5-rgb_front,246,49,9
b4WYMWXVP5A_6-5-rgb_front,384,49,9
_5LwGjy_bY8_7-5-rgb_front,100,21,0
-8XxBfXAzyo_18-8-rgb_front,34,9,3
bEAy71HZC9M_0-1-rgb_front,50,13,5
3MXwlCKtSPU_5-5-rgb_front,157,49,9
09cQe0gC2-0_5-8-rgb_front,62,13,7
ft6HeVUlcuM_8-3-rgb_front,157,49,1
eyRb0KhjU3I_0-5-rgb_front,173,49,7
bLSpqPnZ15Y_10-1-rgb_front,62,13,7
ER9YIeOTAkA_5-5-rgb_front,60,13,1
cH9SbtBbEEY_8-8-rgb_front,117,21,7
CGZohl-yQ4I_1-3-rgb_front,88,21,0
a7BqyLnTfqo_2-5-rgb_front,225,49,3
evyPWgUeAcI_4-8-rgb_front,115,21,0
1wtSe0nk5Tk_11-8-rgb_front,240,49,5
2FgG0QARPuc_2-8-rgb_front,94,21,6
1QeMNh_DAqo_10-5-rgb_front,141,41,8
3HTL6h2RYjQ_8-8-rgb_front,151,49,7
DDbXcFzIXH4_11-8-rgb_front,73,21,0
fFk8oRYSMq0_5-5-rgb_front,171,49,9
-eVbw_nRsLI_10-5-rgb_front,185,49,4
0GLi2UAP2CY_9-8-rgb_front,41,13,1
5z_z6opEIH0_4-3-rgb_front,293,49,2
bwnfdMdvWFQ_3-4-rgb_front,96,21,4
3o7onKJWX7c_1-3-rgb_front,157,49,6
1T7lJGCShG0_26-5-rgb_front,187,49,0
1QBezkHsXd4_7-8-rgb_front,112,21,5
2c0pN0EgeJA_4-5-rgb_front,131,41,1
aPWX82zLo50_4-5-rgb_front,50,13,6
1jeK8PkhsR4_6-8-rgb_front,519,49,4
0qYzADqK-Z4_9-8-rgb_front,287,49,8
cPii6GpjVgU_1-3-rgb_front,160,49,3
5GF2D_lAus4_18-8-rgb_front,204,49,8
_BOJ9cYPRe4_20-8-rgb_front,83,21,9
1F8o8y9vR2U_10-5-rgb_front,186,49,5
dcN7W0lxTpE_60-8-rgb_front,108,21,3
f6SJe6s7FBQ_7-8-rgb_front,101,21,3
2oIjI5k0n44_17-5-rgb_front,41,13,7
1iNZfYho0yc_10-11-rgb_front,35,9,6
1wmA0tuWzRI_2-8-rgb_front,118,21,8
1dd1IikJ-mU_8-8-rgb_front,55,13,4
3NxjaQtJT4A_0-5-rgb_front,228,49,1
5ablUAXmVkM_6-8-rgb_front,446,49,8
eIOmY6ub-I0_7-5-rgb_front,97,21,7
1BT5ZBdNaOM_2-3-rgb_front,228,49,6
4K_FAmYAd2o_5-8-rgb_front,191,49,7
21BHzn_li1s_19-5-rgb_front,129,41,7
1gqVLt2Z-DY_6-8-rgb_front,57,13,6
1Vq_uqeckF8_7-8-rgb_front,85,21,0
3daeOlNR8_A_18-5-rgb_front,217,49,0
-0BynF9TSNI_2-5-rgb_front,224,49,6
BOBpYTUfuzs_10-8-rgb_front,88,21,4
45XYg7z7CdQ_2-5-rgb_front,289,49,3
ecerzCFJ7xg_8-8-rgb_front,306,49,4
D0T7ho08Q3o_18-2-rgb_front,62,13,5
0HMTm0ljVl8_13-5-rgb_front,158,49,9
0C_NjyLtHwc_70-8-rgb_front,31,9,7
1ib_NnOrt6A_16-8-rgb_front,130,41,3
br-gJiD-YfA_2-5-rgb_front,181,49,1
CyLfNgMZmc0_8-8-rgb_front,284,49,7
brD68XY2rZs_12-8-rgb_front,30,9,3
E29uPL981ZQ_17-1-rgb_front,143,41,0
1028f1LdKHk_0-5-rgb_front,539,49,3
2sJ9mg1QsBs_11-5-rgb_front,30,9,3
0Klw2OYcfoE_19-5-rgb_front,396,49,2
3PNHgu8nVWA_2-5-rgb_front,44,13,4
06k75HRlfqc_5-8-rgb_front,162,49,9
0tZfBzet80M_0-5-rgb_front,186,49,6
1MpyWS9FaCc_11-5-rgb_front,223,49,7
0veHGYSKaDc_10-8-rgb_front,197,49,5
c55CH96JXyg_15-8-rgb_front,119,21,7
Eh697LCFjTw_14-3-rgb_front,103,21,4
EdJgTx0iFeE_34-5-rgb_front,236,49,5
cw66nEbqw2w_11-9-rgb_front,354,49,1
btSrRQAWN6k_5-4-rgb_front,109,21,0
00m1mQFF5zo_3-3-rgb_front,76,21,4
16_CbprlCb0_12-8-rgb_front,257,49,8
07ViW5BdEsw_2-1-rgb_front,74,21,4
0veHGYSKaDc_22-8-rgb_front,37,9,8
1WGejpkD8ns_4-5-rgb_front,212,49,0
cXKFA8qu81E_1-5-rgb_front,302,49,9
476vh2-HlV0_15-8-rgb_front,40,13,4
1RKltss46fg_8-5-rgb_front,116,21,7
199hEEkd1aU_15-8-rgb_front,284,49,3
EQ4tPCXpWsg_7-8-rgb_front,51,13,1
ED0DdlXJMFQ_1-8-rgb_front,64,21,8
1thCOHYInqk_6-8-rgb_front,215,49,1
1XVcFJ97QQs_6-8-rgb_front,128,41,5
1RgGCJ0hw6k_2-5-rgb_front,59,13,6
ewTRUmG6X3g_17-8-rgb_front,86,21,0
bwvtAII4pG0_35-5-rgb_front,228,49,5
49P4e1DLm6w_25-5-rgb_front,218,49,4
ao9GdnEgTGQ_3-5-rgb_front,314,49,2
0z-gCDC8oOw_15-8-rgb_front,94,21,7
1WUTV5ttnjg_7-5-rgb_front,70,21,0
1cbTN8a73zo_3-5-rgb_front,126,41,7
dH0pIsPTIug_0-8-rgb_front,171,49,9
-bHYenWmD3Q_6-8-rgb_front,184,49,9
3GKsjSStbaE_10-8-rgb_front,113,21,5
1jVOx59INmU_16-11-rgb_front,66,21,9
0oHN9y80NME_8-5-rgb_front,178,49,4
aD7Kmdiuigo_16-5-rgb_front,125,41,7
-6PULg1jlpc_1-5-rgb_front,140,41,6
09wc1lfk_P4_2-8-rgb_front,125,41,1
04hnjLKHh2g_14-5-rgb_front,232,49,1
bwLhAEu1h90_13-5-rgb_front,214,49,1
aGITk8jgtwQ_4-5-rgb_front,291,49,0
0rbUEsOc434_9-5-rgb_front,65,21,7
5jTzjzuPJ88_14-3-rgb_front,44,13,9
1yvskpdZCPs_12_13_14-8-rgb_front,182,49,7
146HWl-YGTo_7-8-rgb_front,219,49,6
0-CH0nKReGk_1-5-rgb_front,213,49,4
DcFCY1OFhCw_6-3-rgb_front,41,13,7
EtbvdM_PTy0_13-5-rgb_front,65,21,5
BRa6-tUUd0E_10-8-rgb_front,137,41,4
1m_A7gr1174_10-8-rgb_front,210,49,5
1IRrpQJQvI4_0-5-rgb_front,88,21,6
DnWpxYlY4cc_0-5-rgb_front,316,49,5
0-n5YbN2IZA_11-5-rgb_front,413,49,7
-6vHGMCTYyI_2-5-rgb_front,87,21,2
a9CgIaOL6WQ_14-5-rgb_front,84,21,8
0xVO71Gc-ZA_10-5-rgb_front,118,21,9
0E_ELI0D4nA_9-8-rgb_front,209,49,7
1zQf384LX3M_14-8-rgb_front,81,21,2
C7IMvM4BwI8_2-8-rgb_front,28,9,2
07HhpnroTXs_6-5-rgb_front,192,49,6
11cwpeaDJzc_6-8-rgb_front,351,49,9
10VGBNxgvSk_7-5-rgb_front,463,49,3
1GOCWKAvuH8_1-5-rgb_front,95,21,4
DRNMejwhY0Q_8-2-rgb_front,186,49,8
1aRNY8wFqa0_25-8-rgb_front,118,21,5
5CGdJ5Cuv5M_12-8-rgb_front,187,49,4
1P6n7Tv8oco_10-8-rgb_front,53,13,0
0xmdaovBNms_1-5-rgb_front,201,49,3
5fcxgweEABo_6-8-rgb_front,59,13,9
-aF-wabKgGs_1-8-rgb_front,111,21,0
1s7e4sHQiAs_8-8-rgb_front,134,41,9
1OxarI6IjP4_3-8-rgb_front,179,49,8
5OoZG2cMSKM_0-5-rgb_front,808,49,4
3TmrgNyRYqw_5-5-rgb_front,756,49,6
1oXGJIpW3h8_8-11-rgb_front,254,49,8
20eFgtWq9-I_7-8-rgb_front,108,21,5
aG2-aeelqto_8-5-rgb_front,504,49,6
cRhaqTxGCLw_1-5-rgb_front,44,13,0
Elw15ZJ0fsE_1-8-rgb_front,219,49,6
e9KEGfUEhMk_10-5-rgb_front,332,49,6
3tMjbhSx3zY_1-5-rgb_front,65,21,9
1tIp58DN8Nw_6-5-rgb_front,132,41,9
5XSD1NAFaxA_7-8-rgb_front,105,21,2
dh6-yhJ30pY_6-8-rgb_front,272,49,6
1O3BRZq7AYY_1-8-rgb_front,198,49,1
1fPFcBdBziw_10-8-rgb_front,131,41,3
1wmA0tuWzRI_4-8-rgb_front,54,13,8
1mrUTikYY-c_33-11-rgb_front,78,21,2
-cSzPRipb94_9-5-rgb_front,129,41,6
2-JvO5SCsCc_14-8-rgb_front,231,49,8
_ClrZy5Kkkk_17-5-rgb_front,105,21,7
47oJoR2BC34_1-8-rgb_front,488,49,0
3o7onKJWX7c_6-3-rgb_front,82,21,9
fH5XOSfcoIk_1-5-rgb_front,91,21,7
BJIygZtYwXM_14-3-rgb_front,139,41,7
Ctli0zlqLxk_4-3-rgb_front,207,49,7
4YRehZfsLDY_25-5-rgb_front,243,49,7
ewTRUmG6X3g_16-8-rgb_front,95,21,9
14z8c3QqV0E_6-8-rgb_front,114,21,5
476vh2-HlV0_12-8-rgb_front,109,21,7
dnzYz8sZHSg_7-1-rgb_front,390,49,0
-8L6L9fFWK8_5-8-rgb_front,131,41,3
1oys0KyRSS0_4-8-rgb_front,143,41,9
0JZYw74996E_14-5-rgb_front,126,41,9
-0BynF9TSNI_12-5-rgb_front,148,49,6
18NasCihOMs_5-8-rgb_front,211,49,2
cwXQVmfKj48_7-5-rgb_front,187,49,6
1Yp-xuljnDM_25-8-rgb_front,44,13,3
dWfNzU-OFZw_3_4-8-rgb_front,557,49,7
caSH1HZRhZA_6-5-rgb_front,113,21,7
-egX2qfNmvI_12-5-rgb_front,215,49,9
2_kMUAuFTXU_7-3-rgb_front,48,13,2
0HObK-sd2ds_0-5-rgb_front,126,41,7
1thCOHYInqk_5-8-rgb_front,348,49,1
3oSvyY2f4ZQ_0-5-rgb_front,378,49,1
1PCzfhknC_s_10-8-rgb_front,133,41,0
17wK8JXEJvo_8-8-rgb_front,452,49,7
ah-PM4tolJ4_12-5-rgb_front,28,9,3
bL2Lb4XEQdQ_34-9-rgb_front,40,13,5
163ylBUtKlI_5-8-rgb_front,269,49,1
3-zQaHVXTsI_9-8-rgb_front,238,49,2
1l6MC-9BQa0_8-5-rgb_front,382,49,8
1kMlu1Z5DWM_12-8-rgb_front,45,13,9
bwLhAEu1h90_32-5-rgb_front,138,41,6
1gycdY2pcYc_0-11-rgb_front,164,49,2
egEQrOLjKxc_6-8-rgb_front,68,21,2
4-Jt6C_aKpc_14-5-rgb_front,92,21,0
1RxYvOvKHkU_6-5-rgb_front,48,13,6
bnIoz-4U3xw_3-8-rgb_front,198,49,8
00YBzfWomz8_5-5-rgb_front,60,13,2
5VseAeFbfgI_4-8-rgb_front,177,49,4
0uCaKKqoPSk_1-8-rgb_front,115,21,3
0GPQtW2tlvw_6-8-rgb_front,92,21,2
2sJ9mg1QsBs_8-5-rgb_front,213,49,3
1lSZAzOSNGs_11-8-rgb_front,52,13,3
17g6wyytWzs_4-8-rgb_front,495,49,3
DQ-FXTeLKs8_10-5-rgb_front,92,21,0
1gOQLPDtr3c_7-8-rgb_front,174,49,2
FW1gcMU_joc_2-5-rgb_front,221,49,3
-EsVrbRTMU4_4-8-rgb_front,64,21,9
0C_NjyLtHwc_29-8-rgb_front,179,49,9
e9UWZ3kkA7Y_4-8-rgb_front,74,21,3
bchTW6mS9eM_6-5-rgb_front,274,49,4
dtFZRmK3tro_8-8-rgb_front,160,49,4
0sal9F4RXeY_34-8-rgb_front,136,41,6
bbGZcyIMvCI_13-2-rgb_front,78,21,0
0qVx3q_poVg_2-5-rgb_front,114,21,6
3Uu9_GGILmc_10-8-rgb_front,93,21,0
c11S3-7gekg_5-5-rgb_front,189,49,6
0zzQqETJdi8_13-5-rgb_front,42,13,9
2-u7JiruMzo_5-8-rgb_front,347,49,4
06Yvm4X81WI_3-5-rgb_front,89,21,3
CmFW0P_9Tmw_19-8-rgb_front,214,49,0
-9_jI7kWiQY_4-8-rgb_front,104,21,6
14_GpqYx36s_10-8-rgb_front,82,21,9
cTsJTnEs_hs_9-1-rgb_front,34,9,5
b4bK9WtPz4A_1-5-rgb_front,102,21,2
cBQbvdZQx3g_10-8-rgb_front,141,41,3
dnHhd661caQ_12-8-rgb_front,51,13,5
55bITHs7Kyc_6-3-rgb_front,326,49,7
14fs-ot5KCc_13-8-rgb_front,192,49,8
Ek_sDHcuM7U_12-8-rgb_front,56,13,6
-1Uik-vwQoc_1-5-rgb_front,261,49,5
3BMKbpgned0_7-3-rgb_front,55,13,2
dEsle4TneCw_2-5-rgb_front,245,49,9
1IRrpQJQvI4_9-5-rgb_front,208,49,4
biBBePKaQMY_7-4-rgb_front,104,21,1
-7BtY3iQIdo_2-8-rgb_front,50,13,2
BT6nLJAINgo_9-8-rgb_front,36,9,8
dC0nsP_KIw4_2_3-8-rgb_front,406,49,5
Dy0raZ2UbmU_7-8-rgb_front,127,41,3
-ayXzLtkpQU_5-8-rgb_front,76,21,7
1dd1IikJ-mU_3-8-rgb_front,66,21,0
1ei1kVTw23A_1-8-rgb_front,30,9,0
2fThEtRYq7c_7-3-rgb_front,184,49,6
1hB73-7GUFw_5-5-rgb_front,112,21,4
1I70ko7Kn8E_8-5-rgb_front,559,49,4
0Dqrsiqf4pY_17-8-rgb_front,212,49,8
19loES0r7_4_6-8-rgb_front,80,21,8
EtbvdM_PTy0_7-5-rgb_front,288,49,5
DxDbmYtzT14_5-8-rgb_front,313,49,4
1kMcBHJ2IPM_5-8-rgb_front,50,13,8
0AL_w4FP-vA_1-8-rgb_front,46,13,7
1BYz1IhT5F0_11-8-rgb_front,61,13,5
cP4ZkVUIKGE_9-9-rgb_front,127,41,3
1-VX310yQTw_11-1-rgb_front,106,21,1
bogUNcjjm8Q_5-8-rgb_front,475,49,1
311BWiTLG-I_13-8-rgb_front,54,13,9
CRY7RCMlqTM_2-5-rgb_front,338,49,8
1pBXuCxJKx8_22-8-rgb_front,179,49,0
15bYoBr7BWs_44-8-rgb_front,28,9,4
-BWRIFAD4_s_1-8-rgb_front,147,49,2
221LE0VXCB8_10-8-rgb_front,679,49,5
1T7lJGCShG0_25-5-rgb_front,37,9,5
00YBzfWomz8_1-5-rgb_front,132,41,4
1Mn7LZ6xOX4_3-5-rgb_front,51,13,2
ChTrqV8j3Fk_12-8-rgb_front,111,21,8
1BE6JW91TyM_4-8-rgb_front,176,49,0
CmFW0P_9Tmw_3-8-rgb_front,255,49,5
0ymOkVCAqT4_8-5-rgb_front,151,49,3
1aRNY8wFqa0_30-8-rgb_front,338,49,7
46WKIipNJt8_9-8-rgb_front,316,49,6
5VX_yUTOwcU_3-3-rgb_front,36,9,4
1PafdIFUsPU_7-5-rgb_front,131,41,2
eZampqelfrw_16-4-rgb_front,100,21,5
2ioOCZFiWWU_4-5-rgb_front,86,21,5
-b4_y6LOSx0_4-8-rgb_front,101,21,0
-egX2qfNmvI_3-5-rgb_front,207,49,7
cQBrXCcfDyc_14-5-rgb_front,283,49,8
1jeK8PkhsR4_15-8-rgb_front,131,41,6
3qf2Ggfmlf4_9-5-rgb_front,228,49,8
DcpSAcbj81w_7-5-rgb_front,121,21,8
1TUhpDtbOck_7-5-rgb_front,70,21,7
BT6nLJAINgo_8-8-rgb_front,52,13,8
17wK8JXEJvo_11_12-8-rgb_front,1155,49,6
1nN1DqwS0q4_18-11-rgb_front,202,49,0
5lHduGrvakM_2-3-rgb_front,206,49,2
-F6vN4bOBWs_5-8-rgb_front,239,49,0
-Aiz9jYxt4g_10-8-rgb_front,42,13,3
1Z4f7kN6yWY_10-8-rgb_front,136,41,9
aFIzcs0uO6U_4-8-rgb_front,142,41,2
1ptcPCWBvBc_4-8-rgb_front,57,13,2
1CokUs2TOlw_4-5-rgb_front,405,49,1
1Vxwre210Oc_12-5-rgb_front,156,49,3
1RKv7hJtf80_9-5-rgb_front,191,49,1
2Az2H4I1v2I_14-1-rgb_front,79,21,7
EwnKW28ZBjI_4-8-rgb_front,183,49,0
ch8DtxId3Ng_7-5-rgb_front,192,49,1
b29zLYHSim0_3-9-rgb_front,89,21,9
-Bz0BNwqAE4_3-5-rgb_front,94,21,5
f8ShD9YwEfo_4-2-rgb_front,94,21,8
0C9R7XjhUuo_5-8-rgb_front,79,21,6
1Mn7LZ6xOX4_8-5-rgb_front,55,13,6
bXdrjbsxCAI_1-3-rgb_front,177,49,3
3uWEhIUwMrY_0-8-rgb_front,134,41,9
aSafa3cyBuw_0-5-rgb_front,131,41,9
aSjHu-I75bE_4-5-rgb_front,68,21,2
CerG8JKzDIE_2-8-rgb_front,123,41,8
1s5gc78drOE_15-8-rgb_front,185,49,7
a0te0H5ms1Y_2-9-rgb_front,103,21,9
ezKICyY-HKY_5-2-rgb_front,140,41,8
484PoKla0ug_1-1-rgb_front,134,41,7
1F8o8y9vR2U_6-5-rgb_front,130,41,2
bL2Lb4XEQdQ_12-9-rgb_front,60,13,8
0G4GGoZBQPo_3-8-rgb_front,181,49,7
3-zQaHVXTsI_12-8-rgb_front,316,49,3
0sat-Ibig34_5-11-rgb_front,179,49,1
1cUIexb0ELM_10-8-rgb_front,315,49,4
1rs4i373I7w_12-8-rgb_front,135,41,2
5S5lUNRT85M_4-8-rgb_front,131,41,4
1UE7-4mORi0_7-5-rgb_front,87,21,9
-23PZTqtDBw_12-5-rgb_front,166,49,5
eBrlZcccILg_22-3-rgb_front,105,21,6
0tKYBKBXuv0_2-8-rgb_front,216,49,2
dT5xm3lFdbo_2-5-rgb_front,52,13,9
-fyFTnt9w9Q_5-5-rgb_front,156,49,1
De2llnXYz1U_4-5-rgb_front,229,49,7
1_gd9m2tKvQ_7-8-rgb_front,154,49,9
3uRgOnJbEkI_5-8-rgb_front,90,21,6
CJ8RyW9pzKU_16-8-rgb_front,58,13,4
1qMpH_7FL68_18-8-rgb_front,217,49,4
1-9KdWON_R0_1-5-rgb_front,104,21,1
1T7lJGCShG0_24-5-rgb_front,93,21,6
1bziHM2QeX8_10-8-rgb_front,77,21,0
1zEwB1EoDZw_7-8-rgb_front,116,21,3
--8pSDeC-fg_9-5-rgb_front,139,41,3
BoBx1pDyFog_11-8-rgb_front,114,21,2
fy64LazcBA4_4-5-rgb_front,166,49,8
1UvJ0mvrOPw_22-5-rgb_front,102,21,8
1ei1kVTw23A_11-8-rgb_front,193,49,8
DvKS20WKiX4_1-8-rgb_front,49,13,0
0zkdvbrsm-U_1-5-rgb_front,390,49,7
11oEwlBqF2M_3-8-rgb_front,79,21,0
1d3UApdR58M_13-8-rgb_front,103,21,0
FPrycDEavVk_2-8-rgb_front,208,49,5
3TrDv2IX-cY_20-5-rgb_front,103,21,1
-8tIt1vEinQ_5-8-rgb_front,103,21,0
FgGpmFW4vvk_7-5-rgb_front,533,49,2
dkJRO_I7d3Q_11-8-rgb_front,535,49,8
5YMC8pMGeTA_12-8-rgb_front,75,21,7
5Pm9nRXM-L0_11-8-rgb_front,79,21,4
0sIZINMi6jM_1-8-rgb_front,342,49,5
0-_hOoXzsWw_4-5-rgb_front,41,13,1
ELjAzrkPx0s_14-5-rgb_front,164,49,2
5rtrGkZNfLo_6-5-rgb_front,128,41,0
CyLfNgMZmc0_5-8-rgb_front,66,21,2
f8ShD9YwEfo_0-2-rgb_front,144,41,2
1SwTfvvyM_Y_11-5-rgb_front,105,21,0
c5SLsQzzdF4_6-3-rgb_front,161,49,1
C_uFvOlDoX8_3-8-rgb_front,346,49,7
1QeMNh_DAqo_27-5-rgb_front,104,21,5
d-UFZZklFmM_8-5-rgb_front,41,13,4
0sY5frjH9nw_14-8-rgb_front,50,13,5
0C_NjyLtHwc_1-8-rgb_front,50,13,4
1bq4LWVsU-8_24-8-rgb_front,41,13,1
1A25qZmkliU_3-8-rgb_front,99,21,6
CMJDDVY5Wlo_9-5-rgb_front,241,49,4
-8tIt1vEinQ_4-8-rgb_front,58,13,8
11nApVmQepI_13-8-rgb_front,73,21,7
-1PeVdIwiq0_16-8-rgb_front,121,21,9
0sY5frjH9nw_20-8-rgb_front,91,21,2
FSEbzZjZg0A_9-5-rgb_front,216,49,1
FU_ELIq7e8E_4_5-4-rgb_front,572,49,0
02LnULLXds4_20-8-rgb_front,32,9,4
C1qblYh-23I_5-5-rgb_front,376,49,6
3uWEhIUwMrY_6-8-rgb_front,49,13,6
bYiJSQI2Wzs_13-8-rgb_front,324,49,2
4PE3myd8L3Q_21-5-rgb_front,75,21,7
anxhVQxvPGs_11-5-rgb_front,416,49,5
-7ZqO3skAxk_2-8-rgb_front,220,49,0
1UBFtrCAL1c_10-5-rgb_front,196,49,1
-0oP2H0vAGY_11-5-rgb_front,235,49,5
BpZeIf6VvuM_9-5-rgb_front,89,21,2
D9gCaLiAB4c_0-11-rgb_front,50,13,6
57_1T6O51TQ_11-8-rgb_front,132,41,9
FWOQPBc3kyY_7-5-rgb_front,280,49,7
aPWX82zLo50_16-5-rgb_front,78,21,4
C9oP_Vhf-5E_9-3-rgb_front,89,21,4
1T7lJGCShG0_11-5-rgb_front,84,21,2
furfAAKJFvw_14-4-rgb_front,207,49,0
1YAa5_d-zg0_0-8-rgb_front,301,49,3
FFwwrRhqSTE_9-5-rgb_front,119,21,6
1dJbYUmWpSY_4-8-rgb_front,199,49,0
3Uu9_GGILmc_6-5-rgb_front,147,49,7
f6LINKBu7io_11-8-rgb_front,243,49,8
BJIygZtYwXM_15-3-rgb_front,88,21,5
218kpyi1X7k_5-8-rgb_front,408,49,4
bIFSc66t0u4_8-8-rgb_front,129,41,8
cmi0-jjwroA_2-5-rgb_front,80,21,3
1B56XMJ-j1Q_4-8-rgb_front,93,21,3
bhwmLgCrgVU_19-8-rgb_front,48,13,0
bbNhK0g8fJY_22-8-rgb_front,163,49,9
5GHCXLNcgUQ_10-5-rgb_front,354,49,5
07mFG9turoU_7-5-rgb_front,62,13,8
EeVXp0hN3qY_9-5-rgb_front,470,49,7
FC1L5gtPmkU_14-8-rgb_front,90,21,2
13SBIjnC5qA_0-8-rgb_front,359,49,3
14fs-ot5KCc_16-8-rgb_front,39,13,8
5fcxgweEABo_4-8-rgb_front,205,49,3
beiObN0JB7c_10-5-rgb_front,110,21,6
1oN5GdoCO44_2-8-rgb_front,50,13,8
1SPQ72XcQ6U_6-5-rgb_front,183,49,0
bUZZ_dE8kbs_2-8-rgb_front,434,49,6
EF4dlnqkJ3w_35-8-rgb_front,40,13,0
F38nf-l4VmU_25-5-rgb_front,98,21,1
3WEwTZHf8kI_24-5-rgb_front,104,21,4
0G41FMDf9bY_6-11-rgb_front,138,41,5
-fqh6k6uOUs_15-5-rgb_front,212,49,7
0sal9F4RXeY_6-8-rgb_front,117,21,9
0ACeI3_jN3k_20-8-rgb_front,124,41,2
0zzQqETJdi8_9-5-rgb_front,107,21,3
1ei1kVTw23A_16-8-rgb_front,115,21,2
bHEw7t7tJsc_22-5-rgb_front,129,41,6
1s3sDViHORA_2-8-rgb_front,101,21,7
1bJg-DSYR8k_12-8-rgb_front,53,13,1
DFS78Sd76ek_2-4-rgb_front,87,21,4
EhkIOccpxGw_9-5-rgb_front,139,41,8
2p_XEJ6uL5U_4-5-rgb_front,259,49,5
b9nWwzf0C5E_22-5-rgb_front,83,21,8
0C16xFUBT3c_15-3-rgb_front,48,13,1
aty4pljzC1I_17-4-rgb_front,230,49,9
1VHODMDPRbo_9-5-rgb_front,185,49,7
dJkZC7IchGs_7-1-rgb_front,96,21,0
1ptcPCWBvBc_7-8-rgb_front,129,41,1
1s5gc78drOE_5-8-rgb_front,34,9,5
2t9guhwLcqQ_3-5-rgb_front,401,49,0
1TB2EBT2WQI_11-5-rgb_front,674,49,1
1Rvc-TbUBJ0_10-5-rgb_front,206,49,9
1bA7XtuyoYY_8-8-rgb_front,288,49,6
3ntc51P5qjI_10-8-rgb_front,48,13,7
1qNsErmkIiU_9-3-rgb_front,64,21,9
1f6MTI3qidQ_37-8-rgb_front,103,21,7
4BKUiL-ou2Q_10-8-rgb_front,171,49,2
1RxYvOvKHkU_4-5-rgb_front,31,9,0
34N8w-SDIc4_2-5-rgb_front,99,21,9
exoR8fu9q4M_16-8-rgb_front,99,21,2
a0te0H5ms1Y_31-9-rgb_front,107,21,5
eVy2te5bv_A_1-5-rgb_front,218,49,1
1jVOx59INmU_0-11-rgb_front,113,21,9
03EzcoSP2pc_0-8-rgb_front,71,21,2
1QIHG8XLXHg_13-5-rgb_front,186,49,0
1-VX310yQTw_21-1-rgb_front,87,21,1
ah-PM4tolJ4_2-5-rgb_front,161,49,8
-7BtY3iQIdo_12-8-rgb_front,65,21,2
1KKlZKlWdTM_2_3_4_5-5-rgb_front,270,49,8
-B0GueDqaoY_1-8-rgb_front,114,21,5
byClH8sN7Wg_13-8-rgb_front,48,13,2
3RqJnxOWNyM_4-8-rgb_front,133,41,3
BUrqXtTa46Y_1-8-rgb_front,99,21,3
0H60j0VxTaE_10-5-rgb_front,102,21,2
-cv1gZaGtNk_15-5-rgb_front,59,13,9
1b7CDv-Ssuw_11-8-rgb_front,87,21,7
aJpNFZd3uPw_15-5-rgb_front,46,13,0
1jzAlQtJpcA_4-8-rgb_front,150,49,4
BrinTPjveZY_5-3-rgb_front,596,49,9
2-c2l2JnRBU_0-8-rgb_front,209,49,3
-BFCJ9zmfOo_13-8-rgb_front,27,9,7
bjQrRezhvQU_3-1-rgb_front,91,21,9
42c5l12RhWo_4-8-rgb_front,209,49,5
E-zi5MLGq_U_4-8-rgb_front,85,21,8
1rT2MDvamqU_6-8-rgb_front,153,49,2
5wuZyWxHXD0_5-8-rgb_front,105,21,9
1FMpHi-f3WY_10-5-rgb_front,428,49,1
1Cjb2vNtyho_5-5-rgb_front,828,49,5
0xkcq_PvKLI_9-5-rgb_front,229,49,8
bmBNyPxIU5A_4-3-rgb_front,418,49,5
1BE6JW91TyM_15-8-rgb_front,176,49,5
b-KLhKET2d4_14-2-rgb_front,109,21,1
0HR9yZVt2F4_1-5-rgb_front,225,49,1
-0FA6OhxZSE_5-5-rgb_front,123,41,6
1Tix6cnQko4_9-5-rgb_front,85,21,3
eJlvf2D4P-I_10-5-rgb_front,349,49,9
0HPNKFjr1KQ_6-5-rgb_front,251,49,7
DxFIaxNaCZI_50-8-rgb_front,32,9,1
47HHNulBaX0_2-5-rgb_front,61,13,4
1ia4jmyCnyk_7-8-rgb_front,130,41,9
-AFID_P6YU0_7-8-rgb_front,71,21,2
11ysPjNRN4Y_14-1-rgb_front,93,21,0
1yvskpdZCPs_4-8-rgb_front,178,49,7
362N8QEC4bg_2-3-rgb_front,317,49,5
5dqnMgr62_w_12-8-rgb_front,202,49,7
1UvJ0mvrOPw_24-5-rgb_front,51,13,4
2lxxViTXhMs_4-5-rgb_front,86,21,1
0og2_UjYWyg_11-5-rgb_front,119,21,4
08nsvHZLNfE_25-5-rgb_front,71,21,2
1iNZfYho0yc_9-11-rgb_front,43,13,4
3frKRYWXdho_3-8-rgb_front,101,21,8
14fs-ot5KCc_6-8-rgb_front,178,49,7
-1PeVdIwiq0_5-8-rgb_front,171,49,3
19f_ac2f2C8_1-8-rgb_front,42,13,9
DI6T6tbk3r0_2-5-rgb_front,262,49,6
dJ3lnqaocV4_11-8-rgb_front,356,49,2
1DSsHgAToGY_10-5-rgb_front,62,13,6
a0te0H5ms1Y_6-9-rgb_front,362,49,2
1SkWAa61esQ_7-5-rgb_front,223,49,5
fHPQ0WYfLmI_13-5-rgb_front,187,49,9
1EkrrxYCFB4_5-5-rgb_front,275,49,1
darV50MH6vc_31-8-rgb_front,33,9,8
FGRuEn1-V4U_2-5-rgb_front,261,49,8
5wmHJ2neRQQ_8-5-rgb_front,437,49,3
-BFCJ9zmfOo_9-8-rgb_front,69,21,1
1A25qZmkliU_16-8-rgb_front,47,13,2
0AhtD4UPpJQ_7-5-rgb_front,214,49,4
eHw7FC4IqtI_1-5-rgb_front,387,49,9
1EVfV97X6iA_11-5-rgb_front,73,21,7
1FMpHi-f3WY_5-5-rgb_front,284,49,7
FoiJ4mTiW18_5-9-rgb_front,135,41,3
1pBXuCxJKx8_21-8-rgb_front,65,21,6
eK4B85cNKOo_0-8-rgb_front,108,21,7
1DFNcceDcYY_16-5-rgb_front,52,13,7
3rW6wKS5nTU_3-5-rgb_front,250,49,2
clXjA4Ok8Bs_2-5-rgb_front,40,13,4
-fPRgGA3QYY_1-5-rgb_front,125,41,4
bHEw7t7tJsc_30-5-rgb_front,76,21,3
1yq7yP8Dda8_15-8-rgb_front,51,13,4
aCc-DzPTDo4_8-5-rgb_front,178,49,3
00Fc7cZX1gM_2-5-rgb_front,133,41,5
2sJ9mg1QsBs_13-5-rgb_front,111,21,4
3HTL6h2RYjQ_0-5-rgb_front,216,49,9
3xag4Y3JqHo_5-5-rgb_front,233,49,7
ERpBK4lEjfI_24-8-rgb_front,301,49,8
0sY5frjH9nw_6-8-rgb_front,41,13,7
1jzAlQtJpcA_7-8-rgb_front,39,13,2
06bQ_DxQGJU_6-5-rgb_front,596,49,9
btSrRQAWN6k_10-4-rgb_front,217,49,6
1m26k_CAHlQ_9-8-rgb_front,132,41,5
bFtO1fUoHEc_9-5-rgb_front,217,49,7
DQx6Ku390YU_2-8-rgb_front,315,49,1
09PTYSJ3dmA_4-8-rgb_front,108,21,5
06Yvm4X81WI_10-5-rgb_front,190,49,6
1LQrmzrtOKk_3-5-rgb_front,205,49,4
0veHGYSKaDc_11-8-rgb_front,177,49,3
eGHj55105uM_7-5-rgb_front,301,49,8
0plX1nykYwE_6_7_8-5-rgb_front,486,49,0
b1hxJIvcgls_12-8-rgb_front,409,49,2
08JotxFsA4Y_7-5-rgb_front,601,49,9
1BWKlgd8SfA_18-8-rgb_front,63,21,9
D9OtAUV9AJY_1-8-rgb_front,130,41,0
-0ZqnVFv7eI_5-5-rgb_front,115,21,3
21BHzn_li1s_13-5-rgb_front,214,49,4
-88OcTs9MPs_3-8-rgb_front,603,49,8
5ujm3ZXVd-o_5-5-rgb_front,114,21,0
1Z4f7kN6yWY_0-8-rgb_front,103,21,4
4XAeTaoXAa0_7-5-rgb_front,135,41,2
aPlDljTG2Bo_4-1-rgb_front,296,49,4
BpZeIf6VvuM_5-5-rgb_front,150,49,7
-eKw7cELh_E_7-5-rgb_front,133,41,9
1E4aT0mJ-V4_1-5-rgb_front,174,49,6
2qocWX8zNpc_7-5-rgb_front,283,49,0
5vl23AL3mpY_0-8-rgb_front,240,49,0
FnLCL8TUVJA_17-8-rgb_front,45,13,0
bAnA79gWZXI_18-5-rgb_front,361,49,9
-_6Fmz29bhU_6-1-rgb_front,259,49,4
1P0oKY4FNyI_16-8-rgb_front,214,49,0
02aFykvwx6M_10-8-rgb_front,54,13,9
03lzv6OzJhE_8-8-rgb_front,328,49,1
cOQgnuYJzyw_21-8-rgb_front,146,41,6
1rvY7z3xiv8_8-8-rgb_front,174,49,5
1WIZH2vgOJE_4-5-rgb_front,45,13,7
1syO65Y29ZM_1-8-rgb_front,116,21,3
a9CgIaOL6WQ_11-5-rgb_front,237,49,7
23ZHgjVq8qM_18-5-rgb_front,109,21,6
1Rvc-TbUBJ0_21-5-rgb_front,125,41,2
477ZE29Y6eU_15-8-rgb_front,138,41,4
1mrUTikYY-c_31-11-rgb_front,133,41,2
eBrlZcccILg_34-3-rgb_front,50,13,6
ER9YIeOTAkA_9-5-rgb_front,111,21,6
1KTyhaoXjBE_17-5-rgb_front,103,21,2
eIOmY6ub-I0_8-5-rgb_front,133,41,2
1cj15Is-Wjs_14-8-rgb_front,125,41,5
D1KcyG3ZgdM_6-8-rgb_front,185,49,4
fEHjV8vc66w_14-8-rgb_front,56,13,9
0CGoYyy61p8_22-8-rgb_front,64,21,2
cKmtmtqeUkI_0-9-rgb_front,208,49,0
1syO65Y29ZM_9-8-rgb_front,290,49,3
adMkalTFbgc_9-8-rgb_front,413,49,6
-aF-wabKgGs_5-8-rgb_front,205,49,9
-8AYi1n0UWo_8-8-rgb_front,103,21,3
005j20-PoLw_10-5-rgb_front,178,49,0
Fw2DNP8_qo8_10-8-rgb_front,173,49,9
bLR_bcYb0uI_1-5-rgb_front,60,13,1
2i72vxkUJAs_15-5-rgb_front,91,21,4
aKsbJ8peDKQ_5-8-rgb_front,219,49,0
-a9uCz7Bo5E_21-8-rgb_front,131,41,1
Bbd7ZBJK9xc_8-8-rgb_front,159,49,5
5uS1lEos3KI_16-8-rgb_front,34,9,2
CISGeIWfI8I_3-3-rgb_front,110,21,7
46UzcCnmGPk_10-3-rgb_front,53,13,3
1PD7HXermBM_8-8-rgb_front,128,41,1
4S2nxOnWxVw_5-8-rgb_front,621,49,1
1gXWDKek85Y_46-8-rgb_front,59,13,7
BuBhhM2a0bw_4-8-rgb_front,72,21,2
Du41T4cbdds_16-5-rgb_front,215,49,2
1RKo1xJauj4_11-5-rgb_front,263,49,6
18NasCihOMs_8-8-rgb_front,127,41,4
1TsfCQyFt1A_3-5-rgb_front,133,41,1
0-CH0nKReGk_7-5-rgb_front,86,21,4
beZVrUpjpwk_2-8-rgb_front,104,21,7
dnHhd661caQ_2-8-rgb_front,80,21,5
1cUIexb0ELM_2-8-rgb_front,59,13,6
Bq-oGBCMC5c_1-3-rgb_front,226,49,9
BFTBP-LfR0A_8-8-rgb_front,96,21,0
d-wjMWfpeZc_11-5-rgb_front,302,49,0
bbNhK0g8fJY_25-8-rgb_front,243,49,1
fxIoWLKHOuo_5-3-rgb_front,133,41,8
0JZYw74996E_18-5-rgb_front,408,49,4
17wK8JXEJvo_4-8-rgb_front,210,49,2
0mqwTXQN-x8_5-5-rgb_front,107,21,9
ah-PM4tolJ4_16-5-rgb_front,90,21,3
59xX5JTRuk4_11-8-rgb_front,182,49,3
4K6kvm-NRYQ_11-8-rgb_front,105,21,5
3WEwTZHf8kI_5-5-rgb_front,55,13,9
-EgUpIYXF3k_1-8-rgb_front,75,21,8
1oXGJIpW3h8_3-11-rgb_front,311,49,4
1g9c_YQZh5E_0-8-rgb_front,111,21,7
a4MsS36gmRE_3-3-rgb_front,48,13,4
-Ah1r8OnmMM_0-8-rgb_front,167,49,2
4-iAIeV2Hsk_6-3-rgb_front,69,21,2
3xtnvxSmYFU_9-3-rgb_front,95,21,9
3qf2Ggfmlf4_2-5-rgb_front,211,49,8
0G4GGoZBQPo_1-8-rgb_front,125,41,3
5S5lUNRT85M_2-8-rgb_front,68,21,5
FFwwrRhqSTE_0-5-rgb_front,95,21,9
EVXMvKdabuc_2-1-rgb_front,133,41,6
EN_Lv4gfL_A_12-8-rgb_front,92,21,6
03w0fj9vLpo_8-8-rgb_front,163,49,7
f3A9L7yGmEM_15-3-rgb_front,91,21,7
42c5l12RhWo_3-8-rgb_front,60,13,1
3TKkSL9OYAg_1-5-rgb_front,225,49,5
Ec9KthfKXXI_3-8-rgb_front,144,41,3
EhRYdxh3OTc_9-8-rgb_front,68,21,9
a6xKFGeHX4A_14-5-rgb_front,130,41,0
3WEwTZHf8kI_9-5-rgb_front,62,13,2
D9kXrUDRKu8_15-5-rgb_front,273,49,2
FnLCL8TUVJA_28-8-rgb_front,176,49,6
Eh4cZxdMMc8_12-8-rgb_front,752,49,2
14klV5a4_Rg_2-8-rgb_front,112,21,4
1Eq8tHs0zGA_3-5-rgb_front,46,13,7
Fp15jJGIfkA_11-5-rgb_front,325,49,3
16AA5BXiVGo_7-8-rgb_front,282,49,6
1IKGxa-7JfI_6-5-rgb_front,444,49,5
2qYc4PAW72o_8-8-rgb_front,41,13,0
3dO7BI93adU_2-5-rgb_front,99,21,0
1RKg0FfW0To_10-5-rgb_front,240,49,3
16iJ0z4FUqc_17-8-rgb_front,55,13,2
aUBQCNegrYc_10-1-rgb_front,102,21,9
1PafdIFUsPU_5-5-rgb_front,72,21,9
1lGojKZsjI4_8-8-rgb_front,270,49,0
BmQrSbUs5e0_8-5-rgb_front,110,21,9
1mcmnmxg64U_16-8-rgb_front,38,9,0
BdWaaSDDu6Q_8-8-rgb_front,316,49,0
1DFNcceDcYY_11-5-rgb_front,38,9,6
5_w9QWHoI1E_18-8-rgb_front,148,49,4
1fdWdKorgkA_3-8-rgb_front,262,49,7
5dodEz2r56M_7-8-rgb_front,151,49,6
1WWRpyZXTnU_8-5-rgb_front,148,49,1
1Tvy-LEjj0w_3-5-rgb_front,184,49,4
ad4_GWc5XRo_9-8-rgb_front,49,13,4
FeiXGQ4f1xY_6-9-rgb_front,104,21,2
1UWz92TxRLA_2-5-rgb_front,448,49,7
4C6UadTF65I_3-8-rgb_front,292,49,8
3SDn4SLso7g_3-5-rgb_front,239,49,7
1gjp23WV368_6-8-rgb_front,299,49,3
EN_Lv4gfL_A_7-8-rgb_front,56,13,5
5T4P9SM0_ck_25-5-rgb_front,68,21,5
C9TWqHwLWcg_7-8-rgb_front,151,49,4
5c2eJSafE3M_7-5-rgb_front,177,49,0
bwvtAII4pG0_17-5-rgb_front,202,49,4
1P0nCPuAqQU_2-8-rgb_front,399,49,2
Bj2WVQTQR_Q_4-8-rgb_front,243,49,3
-0yRaqY7nTE_6-5-rgb_front,298,49,1
47HHNulBaX0_11-5-rgb_front,131,41,6
c11S3-7gekg_1-5-rgb_front,79,21,9
dcN7W0lxTpE_24-8-rgb_front,324,49,7
5qji7JFwR3M_4-8-rgb_front,148,49,9
2XzcMIKRN8Y_5-5-rgb_front,239,49,2
13yrKJ6yOPQ_21-8-rgb_front,96,21,0
11ysPjNRN4Y_20-1-rgb_front,246,49,6
3CrOUbBvRkQ_23-5-rgb_front,594,49,7
-B1PA__Pemg_2-8-rgb_front,305,49,5
0HfN3Ts0FxQ_5-5-rgb_front,78,21,4
DQ2jzTipt_E_2-5-rgb_front,78,21,9
3zd-g_u97RM_1-8-rgb_front,158,49,3
14klV5a4_Rg_8-8-rgb_front,110,21,9
3GKsjSStbaE_2-5-rgb_front,116,21,3
43zfrZ1Zh2w_4-8-rgb_front,145,41,4
1d3UApdR58M_6-8-rgb_front,103,21,3
ER9YIeOTAkA_4-5-rgb_front,444,49,9
1TA-Rdz7HfY_2-5-rgb_front,514,49,6
5wj8qq7-SSs_4-8-rgb_front,249,49,9
0JH35Eyysww_2-5-rgb_front,102,21,0
DoASe1QfXuI_0-3-rgb_front,138,41,4
1pDmmsYwDJA_14-8-rgb_front,56,13,5
1RKltss46fg_5-5-rgb_front,59,13,3
5T4P9SM0_ck_7_8_9_10_11-5-rgb_front,374,49,9
cEmmjObvNZE_4-5-rgb_front,159,49,2
0qVx3q_poVg_4-5-rgb_front,210,49,5
1Df0aD8AxuE_2-5-rgb_front,224,49,2
c6difzHesqQ_27-8-rgb_front,64,21,8
1AtdCMxgF2Q_28-8-rgb_front,57,13,7
dEsle4TneCw_10-5-rgb_front,30,9,8
E_uBBA0Cdh0_7-5-rgb_front,164,49,3
1WIZH2vgOJE_0-5-rgb_front,461,49,5
-cv1gZaGtNk_8-5-rgb_front,151,49,7
BsiR_MleDvc_4-5-rgb_front,110,21,3
1GlHmFJA0LQ_8-8-rgb_front,63,21,3
bvyUUBpwesg_5-3-rgb_front,299,49,8
2-zlrJXlOGA_15-8-rgb_front,27,9,1
11QBsM0-DF4_12-8-rgb_front,84,21,3
0wxWnnaOhbM_9-5-rgb_front,144,41,3
CUWThEnO-OQ_2-5-rgb_front,191,49,0
FuY84v7zanQ_20-8-rgb_front,48,13,7
3Uu9_GGILmc_17-5-rgb_front,133,41,3
0CSAuZM2jAU_7-5-rgb_front,164,49,4
1eA1cI1yI7w_21-8-rgb_front,94,21,5
4I2azcR2kcA_0-8-rgb_front,204,49,3
duDHzhkbkcE_7-5-rgb_front,239,49,3
5VseAeFbfgI_22-8-rgb_front,265,49,0
-3sFcDBFxc8_19-5-rgb_front,106,21,2
cmFd-YkgJ0w_27-9-rgb_front,46,13,3
a5BJCnXAxWU_10-8-rgb_front,504,49,6
DmM1wHOWDyA_6-5-rgb_front,237,49,4
4-Jt6C_aKpc_13-5-rgb_front,121,21,1
eAWErqR6vtQ_15-8-rgb_front,288,49,2
cmi0-jjwroA_7-5-rgb_front,269,49,2
3fizqVMucs4_5-5-rgb_front,104,21,4
-AFID_P6YU0_20-8-rgb_front,144,41,7
BJebuYFoRis_7-8-rgb_front,217,49,4
CVmyQR31Dr4_2-3-rgb_front,574,49,0
54XXeg5CY-0_5-5-rgb_front,369,49,9
Cz1cQs0AxfM_5-5-rgb_front,359,49,8
D1KcyG3ZgdM_14-8-rgb_front,172,49,5
-7BtY3iQIdo_1-8-rgb_front,86,21,3
-EAXGeHv9U4_2-8-rgb_front,388,49,7
eYT03gNpayI_1-8-rgb_front,265,49,2
BpYDl3AO4B8_27-1-rgb_front,209,49,0
0Dqrsiqf4pY_11-8-rgb_front,56,13,3
eYT03gNpayI_5-8-rgb_front,212,49,3
bZGB3xR6dWU_7-5-rgb_front,240,49,5
3WEwTZHf8kI_37-5-rgb_front,92,21,0
1m26k_CAHlQ_15-8-rgb_front,61,13,5
1kMcBHJ2IPM_8-8-rgb_front,56,13,1
1gXWDKek85Y_26-8-rgb_front,211,49,6
1bq4LWVsU-8_10-8-rgb_front,137,41,0
aSafa3cyBuw_10-5-rgb_front,355,49,2
CVpmdnJpOdE_10-5-rgb_front,146,41,3
apME2W12Uwo_5-8-rgb_front,248,49,2
10d1oeViKYw_22-5-rgb_front,77,21,5
EYFKrcEtyy8_10-3-rgb_front,64,21,1
0v5btE6B2xQ_1_2_3_4-8-rgb_front,227,49,0
1zRg1-tq9Uc_5-8-rgb_front,67,21,7
5HDlLzELoeg_6-8-rgb_front,165,49,1
3EqWVwr_Iqc_0-5-rgb_front,107,21,5
-BhMzw-Pem0_1-8-rgb_front,127,41,5
0t94zPbIPTw_9-8-rgb_front,350,49,5
EGuNTfFR99Y_0-8-rgb_front,98,21,8
F9ULOg0Q9jk_4-9-rgb_front,35,9,7
52MbWpfvuF0_17-8-rgb_front,314,49,0
0yiQ9NTT6Ek_10-5-rgb_front,395,49,9
1k093vlWd9g_10-8-rgb_front,58,13,4
-9__F8XKDuE_4-8-rgb_front,315,49,0
2zPzFyZkZF0_6-5-rgb_front,104,21,4
De2llnXYz1U_0-5-rgb_front,85,21,2
1AtdCMxgF2Q_32-8-rgb_front,268,49,2
--dANj_01AU_3-5-rgb_front,82,21,4
EdJgTx0iFeE_3-5-rgb_front,99,21,5
1awFFHJpOoU_1-8-rgb_front,165,49,6
1mR-3aBnMFo_4-8-rgb_front,300,49,4
1jeK8PkhsR4_9_10-8-rgb_front,662,49,1
1m26k_CAHlQ_12-8-rgb_front,206,49,1
EqJqWYBEUPQ_4-8-rgb_front,817,49,9
C_WfqBPxfJg_4-5-rgb_front,246,49,9
3yeunpfsN_Q_22-3-rgb_front,181,49,2
Ec9KthfKXXI_10-8-rgb_front,133,41,5
1s1TPdCUvhQ_8-8-rgb_front,254,49,5
1E70qW68aZw_17-5-rgb_front,88,21,1
-dE8T2Quw3I_13-5-rgb_front,293,49,2
1mTkXsCyPhU_14-8-rgb_front,43,13,5
B_ye00IgI4w_5-5-rgb_front,503,49,3
1cp9sjT_1Tc_6-8-rgb_front,34,9,8
0xAGc82Wq3o_3-5-rgb_front,202,49,0
04-j8JucIXg_12-8-rgb_front,35,9,7
11b-DjymB2M_1-8-rgb_front,736,49,8
CPZREUAZgsA_14-8-rgb_front,251,49,1
10VoWaHH80U_5-5-rgb_front,73,21,9
13X0vEMNm7M_16-5-rgb_front,314,49,1
5XSD1NAFaxA_2-8-rgb_front,102,21,3
0rAc9hk-Ylk_0-5-rgb_front,162,49,5
23ln0Sw_8Qo_7-5-rgb_front,189,49,0
Ci8otvMiZJU_13-5-rgb_front,145,41,5
FIbFH_Tdnb8_2-1-rgb_front,77,21,3
-0yRaqY7nTE_7-5-rgb_front,666,49,4
-AVtT8Kl-fs_19-8-rgb_front,184,49,9
1gXWDKek85Y_45-8-rgb_front,279,49,4
2Z3CpALUO9o_32-8-rgb_front,113,21,1
1ikV8IVFpBw_6-8-rgb_front,61,13,9
Cf7s3sCT3po_11-5-rgb_front,221,49,7
3rmLri5lpT8_7-5-rgb_front,254,49,1
ehqk9k4eL_k_2-8-rgb_front,491,49,5
E3r2mQix7Uo_2-5-rgb_front,63,21,7
1TulVSuotyY_11-5-rgb_front,80,21,5
e5HYroYJ9pk_8-8-rgb_front,107,21,5
3GKsjSStbaE_11-5-rgb_front,403,49,7
3epphBG88cE_14-5-rgb_front,231,49,1
BM_Z20gA5Ko_7-8-rgb_front,113,21,6
fxIoWLKHOuo_8-3-rgb_front,173,49,6
2fTOklTjdMM_19-1-rgb_front,87,21,3
e9KEGfUEhMk_16-5-rgb_front,253,49,2
BUrqXtTa46Y_9-8-rgb_front,288,49,8
5UsVsSkd3JY_6-3-rgb_front,395,49,2
furfAAKJFvw_12-4-rgb_front,139,41,4
aD-Fbewpd3s_17-8-rgb_front,61,13,6
1B56XMJ-j1Q_2-8-rgb_front,145,41,3
079tjgCukM4_0-5-rgb_front,140,41,0
DQpWvqgWMx8_12-8-rgb_front,131,41,6
fJ5vO67Ktnw_11-3-rgb_front,55,13,1
005j20-PoLw_2-5-rgb_front,167,49,6
4MXwmQ7Ht6E_29-8-rgb_front,66,21,2
2ckGjVDGnYE_10-8-rgb_front,247,49,1
-3sFcDBFxc8_0-5-rgb_front,58,13,8
2Jm303dE1T8_3-3-rgb_front,575,49,5
14vF1lPQCgc_26-8-rgb_front,38,9,6
146HWl-YGTo_6-8-rgb_front,347,49,3
1sFvWxhzyJg_6-8-rgb_front,156,49,5
celb3UJ9_Ko_9-8-rgb_front,34,9,2
2-JvO5SCsCc_11-8-rgb_front,53,13,0
21PbS6wnHtY_4-5-rgb_front,53,13,0
07U8pEf63Pw_0-5-rgb_front,122,21,7
0J3KAGixLRo_12-5-rgb_front,234,49,6
CgyzNU5IMtQ_5-4-rgb_front,78,21,1
-euMRdZvO74_2-5-rgb_front,344,49,5
BOAuIAm-p_A_13-8-rgb_front,31,9,0
bFtO1fUoHEc_2-5-rgb_front,130,41,4
0HObK-sd2ds_18-5-rgb_front,99,21,2
EbGnmoS4D4U_11-8-rgb_front,349,49,0
bfNbGx1yLdE_2-4-rgb_front,130,41,5
fsfTrRxuJ-c_2-5-rgb_front,68,21,9
1--HXyOH4kg_4-5-rgb_front,263,49,8
220uYYSxz5U_2-5-rgb_front,168,49,6
dnHhd661caQ_3-8-rgb_front,172,49,8
3-zQaHVXTsI_2-8-rgb_front,152,49,5
b29zLYHSim0_5-9-rgb_front,42,13,6
0ybfW9vFAZ4_12-5-rgb_front,62,13,9
dlXnxaYWr9w_3-1-rgb_front,261,49,7
d-cJHsXcKCQ_10-8-rgb_front,202,49,7
1T7lJGCShG0_22-5-rgb_front,182,49,1
_dWcUsKVDiU_11-8-rgb_front,153,49,4
1QIHG8XLXHg_10-5-rgb_front,74,21,3
bJQW6jZSuAA_18-8-rgb_front,65,21,3
0HW3SuQbV7g_21_22-5-rgb_front,210,49,6
0DhJ9bK49RM_5-8-rgb_front,143,41,0
_20g7MG8K1U_6-8-rgb_front,196,49,8
1SPQ72XcQ6U_9-5-rgb_front,116,21,0
b-KLhKET2d4_1-2-rgb_front,93,21,9
1f6MTI3qidQ_3-8-rgb_front,141,41,0
2l9_6UKlhmM_15-8-rgb_front,50,13,1
3yeunpfsN_Q_2-3-rgb_front,129,41,0
DfnfG8p46xc_12-2-rgb_front,143,41,1
1GyeOHDF49k_9-5-rgb_front,149,49,4
1cDoGd8wPfw_26-5-rgb_front,50,13,6
c2KLK-rr89U_3-8-rgb_front,189,49,1
dcN7W0lxTpE_18-8-rgb_front,61,13,0
DQpWvqgWMx8_9-8-rgb_front,129,41,3
fHT1NhNUono_9-8-rgb_front,156,49,9
0KpJxzHyTUo_10-5-rgb_front,41,13,2
4GKnUtxCEY8_0-5-rgb_front,195,49,7
39KOiTCEm_g_1-3-rgb_front,170,49,8
10VGBNxgvSk_6-5-rgb_front,261,49,8
DcaZwBc3SXk_5-8-rgb_front,74,21,8
bSr7V1-5eUI_3-8-rgb_front,220,49,8
BJZFpsaYwgI_9-8-rgb_front,139,41,1
1pPAkrfqnHg_14-8-rgb_front,251,49,8
eUMcnlp5jNs_1-5-rgb_front,446,49,9
1qNsErmkIiU_4-3-rgb_front,33,9,3
-AhZpejVexQ_3-5-rgb_front,214,49,0
11dfT7iY3kI_1-8-rgb_front,167,49,4
cQwxm1k62WY_19-5-rgb_front,149,49,6
_ClrZy5Kkkk_26-5-rgb_front,97,21,1
-1Uik-vwQoc_7-5-rgb_front,233,49,6
c7sX43YU__U_12-8-rgb_front,451,49,3
c_M23pD7JHc_0-5-rgb_front,175,49,8
23ZnD2tLoXU_6-5-rgb_front,233,49,8
1E70qW68aZw_21-5-rgb_front,327,49,1
D9kXrUDRKu8_12-5-rgb_front,249,49,6
CE23zzfUBDw_20-5-rgb_front,191,49,8
1rtpRuLChqk_15-8-rgb_front,38,9,7
1TsfCQyFt1A_4-5-rgb_front,169,49,8
dPDIWKLSjBw_4-2-rgb_front,144,41,5
dtFZRmK3tro_5-8-rgb_front,28,9,1
1-9KdWON_R0_2-5-rgb_front,88,21,8
0FrdEk0KBzg_15-1-rgb_front,73,21,5
b9nWwzf0C5E_12-5-rgb_front,112,21,6
-BKq3iOBB9k_22-3-rgb_front,51,13,9
aygp09D7Z_w_11-5-rgb_front,139,41,0
42c5l12RhWo_7-5-rgb_front,146,41,5
3TmrgNyRYqw_12-5-rgb_front,240,49,0
fCk8Md58LK4_18-4-rgb_front,49,13,9
2-G31CNowCU_10-8-rgb_front,129,41,6
dS9mMXiUnkQ_20-5-rgb_front,73,21,5
19loES0r7_4_4-8-rgb_front,190,49,6
0xh74_xfC5A_11-5-rgb_front,96,21,8
axMUhvgrWrs_3-8-rgb_front,295,49,8
038vE9JsU9I_0-8-rgb_front,113,21,2
CGZohl-yQ4I_5-3-rgb_front,42,13,6
-a9uCz7Bo5E_22-8-rgb_front,58,13,7
-8uwu59w8QE_9-8-rgb_front,252,49,2
4GKnUtxCEY8_1-5-rgb_front,140,41,8
-b4_y6LOSx0_5-8-rgb_front,201,49,0
5c2eJSafE3M_6-5-rgb_front,266,49,0
-c5CKp2JWHE_8-5-rgb_front,158,49,7
apCuUn08Bqc_7-2-rgb_front,166,49,2
DsbLRAdnEHM_7-5-rgb_front,265,49,7
1kBYCMFljLM_1-8-rgb_front,104,21,2
3XJ68WnqyZ8_4-8-rgb_front,128,41,0
4PE3myd8L3Q_4-5-rgb_front,217,49,8
3Sd2KRf-Fvo_4-5-rgb_front,63,21,1
0t19eYsWPyg_12-8-rgb_front,114,21,4
1pBXuCxJKx8_17-8-rgb_front,193,49,7
1ei1kVTw23A_0-8-rgb_front,210,49,2
2FgG0QARPuc_11-8-rgb_front,69,21,3
CgyzNU5IMtQ_2-4-rgb_front,146,41,7
1eFlDHpjPNI_0-8-rgb_front,248,49,3
eIOmY6ub-I0_4-5-rgb_front,160,49,5
eZampqelfrw_10-4-rgb_front,277,49,6
DhN9zRgCbBU_9-5-rgb_front,48,13,4
b-341m5ri_A_0-5-rgb_front,40,13,0
14klV5a4_Rg_4-8-rgb_front,77,21,7
Dg2DjTVCGww_9-4-rgb_front,39,13,8
-fqh6k6uOUs_2-5-rgb_front,102,21,3
17hrR6QZBdU_9-8-rgb_front,82,21,0
1lEWHTj1gi0_1-8-rgb_front,31,9,8
03EzcoSP2pc_12-8-rgb_front,145,41,3
0qVx3q_poVg_1-5-rgb_front,117,21,0
caSH1HZRhZA_4-5-rgb_front,529,49,6
-fPRgGA3QYY_17-5-rgb_front,471,49,9
00YBzfWomz8_6-5-rgb_front,39,13,7
1EV7AT_lBno_9-5-rgb_front,52,13,8
EdJgTx0iFeE_6-5-rgb_front,155,49,9
-a9uCz7Bo5E_19-8-rgb_front,252,49,9
Cr7X2NDNzOA_14-8-rgb_front,236,49,9
0Fs8a5vglXc_1-8-rgb_front,96,21,5
1DAuiP69Xtg_13-5-rgb_front,404,49,1
aD7Kmdiuigo_19-5-rgb_front,593,49,4
10om04b2LIw_12-8-rgb_front,201,49,5
20qFsdFD3io_0-8-rgb_front,98,21,4
0vmzETHEVwg_4-8-rgb_front,167,49,9
ey9K0GWYkSI_8-8-rgb_front,107,21,8
aUBQCNegrYc_6-1-rgb_front,134,41,3
1FMpHi-f3WY_9-5-rgb_front,175,49,6
ez2bCEZMTgc_4-5-rgb_front,154,49,7
0-n5YbN2IZA_0-5-rgb_front,202,49,1
1JfvA3hlnJs_15-5-rgb_front,702,49,4
2zPzFyZkZF0_0-5-rgb_front,437,49,6
DopLUa7Gl8s_15-5-rgb_front,148,49,7
1GjvLelvNE0_30-5-rgb_front,65,21,4
a8zoNzPmXik_10-8-rgb_front,409,49,9
19FB-dmluQw_1-3-rgb_front,123,41,0
EZdSBFrRQxM_5-4-rgb_front,104,21,6
c8qCeBSlaOw_13-8-rgb_front,157,49,6
45XYg7z7CdQ_8-5-rgb_front,359,49,8
-fNgnONv_3I_5-5-rgb_front,671,49,8
1rlbYioN5IA_1-8-rgb_front,36,9,6
b9nWwzf0C5E_14-5-rgb_front,158,49,7
1eFlDHpjPNI_9-8-rgb_front,161,49,5
eS8QaBYoDU0_5-9-rgb_front,43,13,1
cG6jFsMdpnw_7-8-rgb_front,144,41,8
BRa6-tUUd0E_8-8-rgb_front,168,49,5
1TU3WpD2Oj0_9-5-rgb_front,505,49,7
-EgUpIYXF3k_9-8-rgb_front,212,49,1
2-hvU0YdLRY_9-8-rgb_front,175,49,1
0ob9wkq1aYk_7-5-rgb_front,136,41,6
-euMRdZvO74_11-5-rgb_front,233,49,4
ao4EesD6R44_14-5-rgb_front,65,21,5
204pffNcQbc_9-8-rgb_front,268,49,6
-9D6kP1TgbY_16-8-rgb_front,42,13,0
0s2JBzhsWXw_5-8-rgb_front,440,49,5
1TulVSuotyY_1-5-rgb_front,86,21,9
1lmKfz4AyeQ_15-8-rgb_front,37,9,5
032PDxai5GE_3-8-rgb_front,178,49,6
395INfhRQB8_2-8-rgb_front,133,41,3
fqEO3MuTlEE_0-5-rgb_front,99,21,4
1PhHBWErK9Q_3-8-rgb_front,50,13,3
-Ajh5HDqsi4_3-8-rgb_front,77,21,1
3Uu9_GGILmc_2-5-rgb_front,379,49,8
EwnKW28ZBjI_1-8-rgb_front,80,21,0
08nsvHZLNfE_20-5-rgb_front,86,21,7
11MdTWBChk0_1-8-rgb_front,119,21,3
1dJbYUmWpSY_6-8-rgb_front,46,13,9
clXjA4Ok8Bs_15-5-rgb_front,116,21,2
1AaO0RFu9j8_21-8-rgb_front,43,13,0
1Q2BYTlbdiE_22-8-rgb_front,56,13,0
D0T7ho08Q3o_19-2-rgb_front,46,13,2
-_3bUhnn4PU_12-8-rgb_front,71,21,5
FWxpecaJ2mA_9-5-rgb_front,162,49,8
dhKAQ8Yh0kM_4-5-rgb_front,31,9,5
02yXvi1VmPI_9-8-rgb_front,152,49,6
-1XUnputrgk_14-5-rgb_front,141,41,5
163ylBUtKlI_2-8-rgb_front,241,49,3
1Qz0SIXS3no_20-5-rgb_front,29,9,3
0rsdwK7sHjE_13-5-rgb_front,39,13,7
bJQW6jZSuAA_11-8-rgb_front,103,21,7
0plX1nykYwE_9-5-rgb_front,350,49,7
-e28snEMnO4_2_3-5-rgb_front,250,49,3
Ci8otvMiZJU_16-5-rgb_front,199,49,0
1jeK8PkhsR4_4-8-rgb_front,303,49,3
14309WSFpWg_27-8-rgb_front,77,21,1
5wmHJ2neRQQ_2-5-rgb_front,116,21,6
-dE8T2Quw3I_1-5-rgb_front,561,49,7
1T7lJGCShG0_27-5-rgb_front,78,21,8
dBIPltG0S5k_7-8-rgb_front,178,49,7
1Ull4-M-sh8_6_7-5-rgb_front,555,49,1
-8XxBfXAzyo_17-8-rgb_front,106,21,9
eYwnPtrnsWw_20-8-rgb_front,140,41,2
3uWEhIUwMrY_16-8-rgb_front,143,41,6
FD3lhznsFbM_1-3-rgb_front,209,49,1
-Bz0BNwqAE4_8-5-rgb_front,589,49,5
0C9R7XjhUuo_9-8-rgb_front,144,41,4
5vl23AL3mpY_20-8-rgb_front,81,21,8
dFaHc--TlxQ_8-5-rgb_front,151,49,7
5vd6m__3ync_1-8-rgb_front,291,49,2
D1KcyG3ZgdM_10-8-rgb_front,60,13,0
-70D86eMmIc_7-5-rgb_front,546,49,1
f6LINKBu7io_12-8-rgb_front,98,21,2
4K_f93M-BrA_13-8-rgb_front,99,21,4
10VoWaHH80U_3-5-rgb_front,158,49,0
-fC91WQRXio_1-3-rgb_front,259,49,2
1nN1DqwS0q4_13-11-rgb_front,93,21,5
53azmnNFcPQ_18-5-rgb_front,55,13,4
CISGeIWfI8I_7-3-rgb_front,84,21,5
1RKg0FfW0To_1-5-rgb_front,333,49,5
DBDddxX-CJA_0-8-rgb_front,345,49,0
11MdTWBChk0_6-8-rgb_front,212,49,0
1I7YRWosiJ8_0-5-rgb_front,867,49,5
BvrPJdRBNp8_0-3-rgb_front,160,49,4
d7AGobq8bmw_9-8-rgb_front,132,41,9
14weIYQswlE_29-8-rgb_front,59,13,0
1kMcBHJ2IPM_11-8-rgb_front,364,49,8
-AFID_P6YU0_9-8-rgb_front,42,13,0
3Sd2KRf-Fvo_7-5-rgb_front,701,49,9
-EgUpIYXF3k_14-8-rgb_front,56,13,9
02yXvi1VmPI_5-8-rgb_front,54,13,8
2ioOCZFiWWU_2-5-rgb_front,139,41,3
0qVx3q_poVg_11-5-rgb_front,55,13,9
D9kXrUDRKu8_6-5-rgb_front,60,13,7
1V7ct19BMBE_0_1-3-rgb_front,536,49,6
ElkLut10fCQ_2-8-rgb_front,232,49,7
-DV52J2dGWQ_6-8-rgb_front,187,49,3
1mdMz4RkRdA_12-8-rgb_front,193,49,8
0-bR2rq-qps_26-5-rgb_front,124,41,8
fxIoWLKHOuo_12-3-rgb_front,65,21,7
0plX1nykYwE_10-5-rgb_front,386,49,2
1mTkXsCyPhU_10-8-rgb_front,94,21,4
5nk3hS9UHl0_4-8-rgb_front,453,49,6
0-I67scsfIE_6-5-rgb_front,121,21,1
3GgkyZLNZkA_1-2-rgb_front,200,49,6
DQpWvqgWMx8_24-8-rgb_front,312,49,3
1SkWAa61esQ_8-5-rgb_front,231,49,0
EahG_9V_nEc_3-8-rgb_front,104,21,3
1pWVfHd-Nwc_2-8-rgb_front,216,49,4
-bPNlBaNvcI_4-8-rgb_front,50,13,3
14309WSFpWg_24-8-rgb_front,48,13,8
f49dpJCNEfQ_5-5-rgb_front,431,49,3
aCc-DzPTDo4_9-5-rgb_front,638,49,0
0xVO71Gc-ZA_14-5-rgb_front,73,21,0
5myLxfF9NWM_6-8-rgb_front,630,49,0
CftMKqnnFy4_7-5-rgb_front,107,21,9
d0HkysFvGRU_9-5-rgb_front,237,49,1
484PoKla0ug_5-1-rgb_front,93,21,4
1NSanqJ8AS4_9-5-rgb_front,158,49,3
1wtSe0nk5Tk_9-8-rgb_front,165,49,5
-aEP1MfoUSU_8-8-rgb_front,288,49,2
biBBePKaQMY_14-4-rgb_front,91,21,9
1TulVSuotyY_17-5-rgb_front,28,9,4
03w0fj9vLpo_6-8-rgb_front,491,49,9
aD7Kmdiuigo_2-5-rgb_front,372,49,3
0ob9wkq1aYk_4-5-rgb_front,47,13,0
1-iy8qmP4l0_10-5-rgb_front,92,21,7
-dNt6nmRfFE_17-5-rgb_front,181,49,4
47oJoR2BC34_12-8-rgb_front,104,21,1
0FrdEk0KBzg_1-1-rgb_front,62,13,7
5GF2D_lAus4_11-8-rgb_front,233,49,9
DBKJ9j-g9PU_3-8-rgb_front,273,49,9
-fNgnONv_3I_6-5-rgb_front,243,49,6
DcpSAcbj81w_4-5-rgb_front,128,41,5
F56XdIDaTVE_5-5-rgb_front,185,49,4
1HVI7U22egg_8-5-rgb_front,51,13,6
1ZG5sQ4Eymg_13-3-rgb_front,167,49,6
1spCnuBmWYk_4-8-rgb_front,117,21,2
EYFKrcEtyy8_2-3-rgb_front,107,21,8
DG-NczwMCoM_21-5-rgb_front,246,49,9
d7ZnbqAlscs_2-5-rgb_front,232,49,7
Dq8zmP6p_J4_8-8-rgb_front,142,41,3
a6xKFGeHX4A_16-5-rgb_front,235,49,5
1cDoGd8wPfw_19-5-rgb_front,72,21,1
ao9GdnEgTGQ_7-5-rgb_front,371,49,8
0vmzETHEVwg_9-8-rgb_front,166,49,9
3zd-g_u97RM_2-8-rgb_front,354,49,6
18NasCihOMs_6-8-rgb_front,169,49,2
-EgUpIYXF3k_4-8-rgb_front,208,49,2
1Xj_2_6v1O0_11-8-rgb_front,221,49,5
1PMwfe-N3_k_10-8-rgb_front,163,49,2
c0uMDWywVf0_13-5-rgb_front,176,49,7
1PCzfhknC_s_0-8-rgb_front,201,49,5
1s5gc78drOE_2-8-rgb_front,102,21,6
1qBxhsvMUps_3-8-rgb_front,364,49,0
-DQ1scNd-M8_0-8-rgb_front,117,21,0
bwnfdMdvWFQ_6-4-rgb_front,484,49,2
1iJg1Tm5Q1w_2-8-rgb_front,150,49,2
14weIYQswlE_22-8-rgb_front,103,21,3
e9KEGfUEhMk_11-5-rgb_front,51,13,0
eK4B85cNKOo_3-8-rgb_front,148,49,2
1jAFRRkU4ic_16-8-rgb_front,138,41,3
2-vVTACa76o_11-8-rgb_front,128,41,4
14vF1lPQCgc_25-8-rgb_front,83,21,0
1pDmmsYwDJA_6-8-rgb_front,199,49,5
EdJgTx0iFeE_20-5-rgb_front,57,13,6
CQYIOWzYywU_13-5-rgb_front,261,49,7
59xX5JTRuk4_4-8-rgb_front,103,21,7
5q5q5d8vP24_3-8-rgb_front,149,49,1
1TulVSuotyY_6-5-rgb_front,214,49,2
2ufkA0BzGSY_5-8-rgb_front,81,21,5
1TouL5IyldE_3-5-rgb_front,784,49,1
cKmtmtqeUkI_3-9-rgb_front,159,49,5
FOHNo-685Bw_8-5-rgb_front,99,21,8
10om04b2LIw_26-8-rgb_front,57,13,9
1Tix6cnQko4_19-5-rgb_front,145,41,0
E-PDvv4N-uE_10-5-rgb_front,239,49,4
06St8W_JHok_18-5-rgb_front,164,49,1
1Ibh1eWsoug_3-5-rgb_front,50,13,8
305bKBYRZfk_3-8-rgb_front,179,49,2
11YofC1i8zc_3-8-rgb_front,202,49,8
cw66nEbqw2w_10-9-rgb_front,347,49,0
08nsvHZLNfE_32-5-rgb_front,41,13,5
DE8YkWRpvYA_11-5-rgb_front,597,49,1
1VrnikyRfO0_4-5-rgb_front,99,21,6
1PhHBWErK9Q_26-8-rgb_front,33,9,6
fxtkHe6zRFg_17-5-rgb_front,99,21,6
146HWl-YGTo_13-8-rgb_front,222,49,0
22BmeZR4eOk_4-5-rgb_front,101,21,8
fFk8oRYSMq0_26-5-rgb_front,185,49,1
BJebuYFoRis_15-8-rgb_front,184,49,2
09PTYSJ3dmA_3-8-rgb_front,143,41,3
1oUPuXTsifY_8-8-rgb_front,113,21,9
Du41T4cbdds_5-5-rgb_front,113,21,2
2G29ijsPVXI_11-5-rgb_front,256,49,7
BbM3wYI7H8U_5-8-rgb_front,73,21,8
1YmFWc521pE_7-8-rgb_front,182,49,8
a5BJCnXAxWU_1-8-rgb_front,309,49,4
dbSAB8F8GYc_12-9-rgb_front,110,21,4
1mcmnmxg64U_11-8-rgb_front,78,21,7
1wefeqn5EMk_11-8-rgb_front,193,49,9
1dLchY8R6tU_18-8-rgb_front,77,21,0
077IIb5uuCs_10-5-rgb_front,193,49,9
BlhCuryvt88_22-8-rgb_front,103,21,8
1cj15Is-Wjs_7-8-rgb_front,291,49,6
0HW3SuQbV7g_9-5-rgb_front,213,49,3
16y-dsX1MDk_10-8-rgb_front,49,13,6
Fp15jJGIfkA_5-5-rgb_front,36,9,1
1TulVSuotyY_10-5-rgb_front,93,21,5
3mjTbgSBlhE_17-5-rgb_front,319,49,2
-Aiz9jYxt4g_8-8-rgb_front,297,49,7
1lSZAzOSNGs_22-8-rgb_front,32,9,6
-bTEtrts5ZU_15-8-rgb_front,46,13,9
1MQCIqeTLk0_4-5-rgb_front,287,49,5
0og2_UjYWyg_7-5-rgb_front,89,21,8
aHUC2fh-jfQ_6-8-rgb_front,110,21,4
buc5dUzP57k_4-3-rgb_front,80,21,4
0v5btE6B2xQ_20-8-rgb_front,37,9,4
-dNt6nmRfFE_2-5-rgb_front,122,21,2
3BuvrAJDzyk_9-3-rgb_front,47,13,0
Bbd7ZBJK9xc_1-8-rgb_front,59,13,2
0EjXICFqrKo_24-8-rgb_front,72,21,2
DQudsojO17s_19-8-rgb_front,36,9,4
FQqIi37HCq0_3-5-rgb_front,154,49,8
F5zIuQnrWNc_10-5-rgb_front,258,49,2
c4Az5nStT7I_12-2-rgb_front,219,49,4
-8uwu59w8QE_4-8-rgb_front,46,13,8
c4cLox0Z9AA_1-8-rgb_front,119,21,8
4K6kvm-NRYQ_17-8-rgb_front,198,49,6
cxNfMA-d_n8_13-1-rgb_front,404,49,3
cNLpx_e0_kk_4-5-rgb_front,121,21,1
aSafa3cyBuw_22-5-rgb_front,315,49,3
EOHrybLEPs4_4-11-rgb_front,291,49,7
3HTL6h2RYjQ_4-5-rgb_front,280,49,3
c0uMDWywVf0_10-5-rgb_front,92,21,7
E-YP10G7QdI_4-3-rgb_front,155,49,1
0veHGYSKaDc_9-8-rgb_front,123,41,4
DlfWkmIQFsA_5-5-rgb_front,102,21,5
-euMRdZvO74_12-5-rgb_front,77,21,0
-96cWDhR4hc_11-5-rgb_front,61,13,3
-eaisNdrTS4_5-5-rgb_front,173,49,1
5agwuoxNssM_12-5-rgb_front,88,21,1
289aNSTQ4aU_3-5-rgb_front,207,49,8
cXKFA8qu81E_2-5-rgb_front,117,21,0
-eXHI3iqu7g_0-5-rgb_front,183,49,2
1jVOx59INmU_14-11-rgb_front,88,21,6
EA5TtaqpJ9w_14-4-rgb_front,100,21,6
55bITHs7Kyc_9-3-rgb_front,50,13,9
14fTPEpnW6s_12-8-rgb_front,65,21,1
-_3bUhnn4PU_2-8-rgb_front,34,9,4
1ei1kVTw23A_26-8-rgb_front,38,9,1
-3bw4dQEyF8_0-5-rgb_front,228,49,9
e5HYroYJ9pk_5-8-rgb_front,85,21,3
1VQZlvupNgo_16-5-rgb_front,735,49,9
5q5q5d8vP24_0-8-rgb_front,157,49,6
asnjOLvpsoQ_5-8-rgb_front,88,21,0
Dd6r7jX4VOQ_3-3-rgb_front,423,49,6
3i7jJ7Jll5o_9-5-rgb_front,106,21,1
3Uu9_GGILmc_16-5-rgb_front,377,49,0
1DGYl4msYVM_15-5-rgb_front,210,49,4
C9TWqHwLWcg_9-8-rgb_front,114,21,7
1IRHEhx1lBs_14-5-rgb_front,39,13,1
dZztN9Ewuzo_1-5-rgb_front,73,21,8
2A_JTXsVmVc_4-8-rgb_front,115,21,9
1_gd9m2tKvQ_5-8-rgb_front,81,21,1
E4dMO7t5pBI_13-8-rgb_front,203,49,1
5x3CorS_t30_6-5-rgb_front,46,13,9
EDwjk7W45lo_13-8-rgb_front,410,49,9
0GPQtW2tlvw_1-8-rgb_front,93,21,2
3IN4lL2Emjg_8-5-rgb_front,144,41,5
1fPFcBdBziw_11-8-rgb_front,55,13,6
caSH1HZRhZA_26-5-rgb_front,214,49,9
16W1jnZzfi4_21-8-rgb_front,418,49,2
1-VX310yQTw_22-1-rgb_front,53,13,4
E-njnp8kIXA_9-5-rgb_front,45,13,7
ecerzCFJ7xg_6-8-rgb_front,130,41,6
ca1_W8LZUmA_6-5-rgb_front,170,49,8
cEmmjObvNZE_32-5-rgb_front,89,21,8
doMosV-zfCI_28-2-rgb_front,37,9,3
5U5e11ftWBI_1-3-rgb_front,294,49,4
DBKJ9j-g9PU_5-8-rgb_front,71,21,1
10d1oeViKYw_6-5-rgb_front,38,9,0
dvBdWGLzayI_2-8-rgb_front,160,49,3
DQpWvqgWMx8_4-8-rgb_front,300,49,4
3WEwTZHf8kI_23-5-rgb_front,182,49,1
1EVfV97X6iA_3-5-rgb_front,165,49,4
2-c2l2JnRBU_5-8-rgb_front,307,49,1
199hEEkd1aU_37-8-rgb_front,89,21,3
c2KLK-rr89U_6-8-rgb_front,74,21,1
1GlHmFJA0LQ_15-8-rgb_front,96,21,8
ESNX4Yoy2M8_0_1_2-5-rgb_front,291,49,1
aGITFRfpMJA_9-8-rgb_front,174,49,1
1-2UTIfxWao_12-5-rgb_front,119,21,8
0FrdEk0KBzg_8-1-rgb_front,543,49,1
d1h3XLGDMEY_11-8-rgb_front,263,49,4
ez9_he04234_9-8-rgb_front,96,21,0
1ikV8IVFpBw_4-8-rgb_front,137,41,5
1SwTfvvyM_Y_10-5-rgb_front,300,49,1
1HVI7U22egg_2-5-rgb_front,34,9,3
0CGoYyy61p8_14-8-rgb_front,170,49,2
2-vVTACa76o_5-8-rgb_front,195,49,5
0C_NjyLtHwc_4-8-rgb_front,121,21,1
ezKICyY-HKY_19-2-rgb_front,101,21,7
14BL0rO5e-8_2-8-rgb_front,114,21,9
1pycas4XL9U_5-11-rgb_front,351,49,0
1YKBEpMNuWE_5-8-rgb_front,227,49,4
3qf2Ggfmlf4_4-5-rgb_front,221,49,4
12_PWBuI3mM_4_5-8-rgb_front,428,49,7
1pPAkrfqnHg_13-8-rgb_front,265,49,0
DBKJ9j-g9PU_0-8-rgb_front,113,21,8
-88OcTs9MPs_1-8-rgb_front,126,41,5
097l3R1JCFQ_17-5-rgb_front,53,13,6
EdJgTx0iFeE_5-5-rgb_front,129,41,0
bzTy65XT4_o_9-3-rgb_front,197,49,9
1Tix6cnQko4_4-5-rgb_front,221,49,4
1El9Lb_fT68_3-5-rgb_front,426,49,0
_0-JkwZ9o4Q_5-5-rgb_front,66,21,6
EeVXp0hN3qY_3-5-rgb_front,210,49,7
1g9c_YQZh5E_14-8-rgb_front,197,49,1
F1495o0hagE_15-8-rgb_front,187,49,4
-E1QuB_rCYs_0-8-rgb_front,32,9,8
5vl23AL3mpY_5-8-rgb_front,238,49,7
aomlhMR9PLQ_6-8-rgb_front,180,49,8
cBQbvdZQx3g_1-8-rgb_front,58,13,3
aKF1llwN-O8_4-8-rgb_front,523,49,1
12Awan9AIs4_5-8-rgb_front,296,49,0
17a7OrcTz2k_11-3-rgb_front,96,21,3
Fw2DNP8_qo8_8-8-rgb_front,162,49,1
43zfrZ1Zh2w_3-8-rgb_front,99,21,4
1Rk3pC7_MMQ_7-5-rgb_front,338,49,5
ebl8tXLXops_12-8-rgb_front,128,41,6
_ClrZy5Kkkk_15-5-rgb_front,121,21,4
-CmdMw3PKV8_17-8-rgb_front,261,49,5
1SkWAa61esQ_3-5-rgb_front,202,49,7
0-zewtxhuR8_6-5-rgb_front,412,49,2
D4OcStBGJEU_6-8-rgb_front,44,13,2
bQq6NvgulaY_7-3-rgb_front,106,21,7
3ntc51P5qjI_17-8-rgb_front,250,49,5
bjQrRezhvQU_26-1-rgb_front,80,21,7
EdJgTx0iFeE_24-5-rgb_front,39,13,9
2188lTsFIV8_5-8-rgb_front,140,41,4
1SozYg3ZXKM_19-5-rgb_front,44,13,0
-8AYi1n0UWo_6-8-rgb_front,153,49,7
Fc_C-H8LD3E_3-5-rgb_front,84,21,4
E6Cnf4SEZc0_12-8-rgb_front,98,21,0
0HrO1O6B2dg_6-5-rgb_front,627,49,3
cZhGkz4jNnk_11-8-rgb_front,90,21,3
ewTRUmG6X3g_7-8-rgb_front,33,9,7
-CBJ6FWZl08_3-8-rgb_front,160,49,4
1DHasvQymT4_2-5-rgb_front,107,21,4
5ujm3ZXVd-o_3-5-rgb_front,237,49,9
EicYnoErTkI_0-1-rgb_front,62,13,9
075s9DECj2k_9-5-rgb_front,818,49,9
1EY3NXNHHhc_0-5-rgb_front,109,21,8
ch8DtxId3Ng_1-5-rgb_front,490,49,7
1h3mvQDZnBw_18-8-rgb_front,61,13,0
2Fq1vWH06us_3-5-rgb_front,74,21,9
_20g7MG8K1U_16-8-rgb_front,125,41,3
bzTy65XT4_o_5-3-rgb_front,45,13,3
_ci1ieBsGVw_0-8-rgb_front,120,21,9
bcGTWy6jndk_8-8-rgb_front,58,13,1
2-hvU0YdLRY_10-8-rgb_front,44,13,3
DtJh6Hwgu8M_4-8-rgb_front,163,49,6
aLhtVMR3SNw_2-5-rgb_front,249,49,9
14fTPEpnW6s_7-8-rgb_front,47,13,4
cOQgnuYJzyw_10-8-rgb_front,151,49,1
Bf5CyPGOpW8_8-4-rgb_front,45,13,2
1WGejpkD8ns_8-5-rgb_front,347,49,6
aPWX82zLo50_14-5-rgb_front,35,9,4
5UbW-uxoCOg_3-3-rgb_front,487,49,1
1Vq_uqeckF8_15-8-rgb_front,174,49,0
1SokWkmngI8_14-5-rgb_front,73,21,6
a8QR93muFQ0_15-8-rgb_front,429,49,0
-0N0jbyBW6g_8-5-rgb_front,284,49,3
1s3sDViHORA_5-8-rgb_front,37,9,2
02WRxAwx-Bo_16-8-rgb_front,69,21,6
16y-dsX1MDk_13-8-rgb_front,126,41,7
2YRCf37JylI_5-8-rgb_front,308,49,5
bhSWgP3DSYI_0-8-rgb_front,167,49,3
23ZHgjVq8qM_16-5-rgb_front,301,49,1
5vl23AL3mpY_19-8-rgb_front,84,21,8
-Ah1r8OnmMM_1-8-rgb_front,148,49,0
0HxDpq1l4tk_5-5-rgb_front,91,21,5
1r9BuA9JwsY_9-11-rgb_front,142,41,7
16iJ0z4FUqc_0_1_2_3-8-rgb_front,140,41,6
cYTNoYFqyc0_1-8-rgb_front,143,41,3
Dxk6YjZDmpI_9-11-rgb_front,192,49,1
1qksnbHvJLY_9-8-rgb_front,298,49,0
1oys0KyRSS0_8-8-rgb_front,74,21,1
bUM8cFhqG64_2-8-rgb_front,698,49,0
BbM3wYI7H8U_25-8-rgb_front,58,13,8
0tbwqARWKw8_6-4-rgb_front,182,49,9
bOzV-cKVz1Q_5-8-rgb_front,170,49,6
-b4_y6LOSx0_12-8-rgb_front,47,13,5
10VoWaHH80U_20-5-rgb_front,75,21,4
305bKBYRZfk_17-8-rgb_front,163,49,6
DhN9zRgCbBU_0-5-rgb_front,35,9,1
dcN7W0lxTpE_12-8-rgb_front,30,9,2
btwQXw3e8G8_15-8-rgb_front,156,49,5
1oUPuXTsifY_11-8-rgb_front,519,49,3
eKWP0Bql7g4_8-8-rgb_front,844,49,6
-BABPsEWA54_6-3-rgb_front,88,21,0
0C_NjyLtHwc_77-8-rgb_front,78,21,6
00xgNW3M4-4_0-3-rgb_front,79,21,4
E-BhAvB5n6I_1-8-rgb_front,485,49,0
1_N0Aq04tRA_1-8-rgb_front,88,21,0
caSH1HZRhZA_2-5-rgb_front,278,49,4
bbGZcyIMvCI_8-2-rgb_front,171,49,7
23_A6ME-alA_5-5-rgb_front,83,21,4
06S7xXXHWIs_3-5-rgb_front,246,49,8
DPBciYELWjg_9-5-rgb_front,461,49,6
DLeyYmQIz5M_2-3-rgb_front,306,49,7
2uw1MV-N3Ec_4-3-rgb_front,323,49,9
14BL0rO5e-8_8-8-rgb_front,228,49,4
Ci8otvMiZJU_9-5-rgb_front,74,21,8
37dhRkNvV0M_10-5-rgb_front,122,21,6
0rqurUFgdJo_0-5-rgb_front,716,49,9
c6difzHesqQ_2-8-rgb_front,122,21,8
Dvq-Fc0-Lxk_11-5-rgb_front,176,49,9
ah-PM4tolJ4_9-5-rgb_front,46,13,4
cmFd-YkgJ0w_16-9-rgb_front,157,49,8
cVe-33JxCEo_15-8-rgb_front,933,49,4
1eA1cI1yI7w_1-8-rgb_front,149,49,8
-aEP1MfoUSU_6-8-rgb_front,138,41,1
3RqJnxOWNyM_7-8-rgb_front,47,13,7
1UBFtrCAL1c_6-5-rgb_front,54,13,0
1IHiA_6XXrI_24-5-rgb_front,108,21,3
1_j3bP8UnZg_8-8-rgb_front,128,41,6
-BKq3iOBB9k_8-3-rgb_front,69,21,1
15bYoBr7BWs_55-8-rgb_front,147,49,0
exmbwktwuLs_2-5-rgb_front,251,49,0
1joPNyRKT78_6-8-rgb_front,144,41,7
dh6-yhJ30pY_11-8-rgb_front,150,49,7
1f6MTI3qidQ_15-8-rgb_front,51,13,0
0HMTm0ljVl8_3-5-rgb_front,418,49,1
199hEEkd1aU_5-8-rgb_front,58,13,7
0xxbsy0Ek9I_1-5-rgb_front,190,49,7
bA53FmWDNPU_6-8-rgb_front,46,13,3
1XoT1-gzWfg_1-8-rgb_front,83,21,7
1cUIexb0ELM_0-8-rgb_front,151,49,5
2q5qGVs_7Wo_2-8-rgb_front,55,13,9
CXf8I9XN144_1-3-rgb_front,120,21,4
cVgkQk7bIP4_6-5-rgb_front,89,21,9
BRBt1zOfZnc_12-3-rgb_front,53,13,3
DBDddxX-CJA_20-8-rgb_front,128,41,3
0-_hOoXzsWw_10-5-rgb_front,188,49,0
1e2wDf5R_zk_6-8-rgb_front,227,49,7
dnHhd661caQ_17-8-rgb_front,103,21,8
1f6MTI3qidQ_32-8-rgb_front,109,21,1
ELjAzrkPx0s_13-5-rgb_front,34,9,1
0Fdg59G2-SI_3-2-rgb_front,49,13,1
FQsLcgxOReU_6-5-rgb_front,196,49,7
1l6MC-9BQa0_1-5-rgb_front,405,49,1
4YRehZfsLDY_19-5-rgb_front,122,21,9
-0N0jbyBW6g_5-5-rgb_front,280,49,6
02yXvi1VmPI_12-8-rgb_front,104,21,0
1Q2BYTlbdiE_20-8-rgb_front,76,21,0
16n946j6kpM_17-8-rgb_front,63,21,4
1retf-icZlQ_4-8-rgb_front,150,49,9
4CIAc6TPZ8o_7-3-rgb_front,141,41,0
DOUfX5-ExYc_0-3-rgb_front,296,49,2
0-_hOoXzsWw_6-5-rgb_front,306,49,1
0HW3SuQbV7g_26_27-5-rgb_front,317,49,4
D_w6T4nO-KA_1-8-rgb_front,36,9,4
1m26k_CAHlQ_4-8-rgb_front,90,21,4
5nk3hS9UHl0_13-8-rgb_front,254,49,1
f1TMEQbc7WY_4-5-rgb_front,353,49,5
06St8W_JHok_14-5-rgb_front,184,49,5
dGI7tIbYFis_6-5-rgb_front,64,21,9
07EGkSiMsL0_8-5-rgb_front,49,13,6
1mq3cb7aA-Q_6-3-rgb_front,363,49,7
BsqkSfnVDc0_9-8-rgb_front,204,49,4
bwLhAEu1h90_2-5-rgb_front,121,21,3
4UlmDZi98fk_11-5-rgb_front,224,49,3
1LjH--6h_rk_8-5-rgb_front,47,13,3
17bhb8Eom5g_5-8-rgb_front,460,49,8
F-p1IdedNbg_21-8-rgb_front,29,9,4
-B0GueDqaoY_2-8-rgb_front,186,49,9
06Yvm4X81WI_9-5-rgb_front,98,21,6
Dxk6YjZDmpI_4-11-rgb_front,232,49,5
2-cWDidthtI_9-8-rgb_front,83,21,5
cRrKSTsUW10_8-2-rgb_front,121,21,2
0ICZi26jdaQ_19-5-rgb_front,168,49,3
1F1WadkaAcI_11-5-rgb_front,30,9,9
1naXxInoJBU_19-8-rgb_front,215,49,1
1jx2aBn_2_U_12-8-rgb_front,198,49,7
1thCOHYInqk_2-8-rgb_front,338,49,0
cXKFA8qu81E_6-5-rgb_front,323,49,3
3oSvyY2f4ZQ_18-5-rgb_front,234,49,3
1DGYl4msYVM_11-5-rgb_front,300,49,5
C9TWqHwLWcg_5-8-rgb_front,134,41,3
-ayXzLtkpQU_7-8-rgb_front,132,41,0
DcaZwBc3SXk_12-8-rgb_front,138,41,0
EN_Lv4gfL_A_2-8-rgb_front,90,21,4
celb3UJ9_Ko_10-8-rgb_front,152,49,9
DxFIaxNaCZI_27_28_29_30-8-rgb_front,206,49,9
476vh2-HlV0_3-5-rgb_front,109,21,9
f8ShD9YwEfo_9-2-rgb_front,202,49,2
dWfNzU-OFZw_2-8-rgb_front,353,49,6
-bKHI_VTZ1Q_4-8-rgb_front,98,21,6
0EjXICFqrKo_6-8-rgb_front,53,13,5
eSKKvQaZVHk_7-5-rgb_front,791,49,3
b-341m5ri_A_12-5-rgb_front,183,49,6
03WUE9zzQY4_2-8-rgb_front,45,13,1
11whCAUxiQc_18-8-rgb_front,61,13,9
0IEzAXxCjO4_19-5-rgb_front,450,49,7
-c5CKp2JWHE_6-5-rgb_front,142,41,7
3wAKK4jQrXw_8-5-rgb_front,433,49,3
1B56XMJ-j1Q_10-8-rgb_front,157,49,1
CWIsQEHuVZ4_3-3-rgb_front,144,41,7
a7BqyLnTfqo_16-5-rgb_front,72,21,3
DBDddxX-CJA_3-8-rgb_front,63,21,9
0-I67scsfIE_9-5-rgb_front,245,49,4
FQqIi37HCq0_2-5-rgb_front,98,21,6
2Sk_fki9ZOg_0-3-rgb_front,50,13,2
48DncKS_yN0_30-8-rgb_front,112,21,4
darV50MH6vc_33-8-rgb_front,56,13,8
2-hvU0YdLRY_0-8-rgb_front,89,21,7
1s3sDViHORA_22-8-rgb_front,41,13,2
1BYz1IhT5F0_6-8-rgb_front,154,49,3
1ZWGv-_yKrU_12-8-rgb_front,230,49,8
1DgRPcY65Mk_6-5-rgb_front,104,21,5
0Klw2OYcfoE_14-5-rgb_front,110,21,8
1_udNnVFDp4_18-8-rgb_front,29,9,6
ebl8tXLXops_7-8-rgb_front,162,49,5
17ijcOW43Q8_5-8-rgb_front,105,21,3
1lR7MGvcZ_U_2-8-rgb_front,41,13,9
FWi7va17oUQ_20-9-rgb_front,30,9,2
aAJxGyiEEHU_1-5-rgb_front,124,41,7
a8phf6lZ3pM_2-5-rgb_front,354,49,6
fHyWp4FMZZA_7-5-rgb_front,528,49,8
2_kMUAuFTXU_11-3-rgb_front,33,9,7
DWvKuuJhmos_22-8-rgb_front,110,21,1
1ia4jmyCnyk_11-8-rgb_front,93,21,4
4PE3myd8L3Q_2-5-rgb_front,95,21,1
0IEzAXxCjO4_16-5-rgb_front,71,21,3
EDwjk7W45lo_15-8-rgb_front,327,49,4
1Vq_uqeckF8_4-8-rgb_front,32,9,9
DDbXcFzIXH4_4-8-rgb_front,37,9,3
22TN7pvePQ4_5-5-rgb_front,249,49,1
fGcgX2F_Epc_15-3-rgb_front,78,21,7
0vHattAvsqk_23-8-rgb_front,165,49,9
1menLPb7ysc_3-11-rgb_front,338,49,6
anxhVQxvPGs_9-5-rgb_front,208,49,7
fGcgX2F_Epc_7-3-rgb_front,263,49,0
1OxarI6IjP4_7-8-rgb_front,114,21,6
1XoT1-gzWfg_21-8-rgb_front,30,9,0
04VKILduLSM_3-8-rgb_front,43,13,5
-EAXGeHv9U4_8-8-rgb_front,136,41,5
EFaag-4WI58_8-2-rgb_front,221,49,8
07TdlpHnhtU_8-5-rgb_front,112,21,1
c2KLK-rr89U_5-8-rgb_front,183,49,7
dkJRO_I7d3Q_10-8-rgb_front,119,21,3
dmUuraVHek8_7-8-rgb_front,113,21,5
5Oq-F-EC_pU_7-8-rgb_front,148,49,7
aWHvLSxSrck_0-8-rgb_front,136,41,9
-bTEtrts5ZU_3-8-rgb_front,43,13,2
-fSI2e1pqkY_18-5-rgb_front,92,21,1
